FAN ID,Sample ID,Lab ID,Date Collected,Sample Recovered,Time (GMT),Latitude,Longitude,Sample Type,Wt. percent in -4.00 phi bin or 16 mm bin,Wt. percent in -3.75 phi or 13.5 mm bin,Wt. percent in -3.50 phi or 11.2 mm bin,Wt. percent in -3.25 phi or 9.51 mm bin,Wt. percent in -3.00 phi or 8 mm bin,Wt. percent in -2.75 phi or 6.73 mm bin,Wt. percent in -2.50 phi or 5.66 mm bin,Wt. percent in -2.25 phi or 4.76 mm bin,Wt. percent in -2.00 phi bin or 4 mm bin,Wt. percent in -1.75 phi or 3.36 mm bin,Wt. percent in -1.50 phi or 2.83 mm bin,Wt. percent in -1.25 phi or 2.38 mm bin,Wt. percent in -1.00 phi bin or 2 mm bin,Wt. percent in -0.75 phi bin or 1.68 mm bin,Wt. percent in -0.50 phi bin or 1.41 mm bin,Wt. percent in -0.25 phi bin or 1.19 mm bin,Wt. percent in 0.00 phi bin or 1 mm bin,Wt. percent in 0.25 phi bin or 0.8409 mm bin,Wt. percent in 0.50 phi bin or 0.7071 mm bin,Wt. percent in 0.75 phi bin or 0.5946 mm bin,Wt. percent in 1.00 phi bin or 0.5 mm bin,Wt. percent in 1.25 phi bin or 0.4204 mm bin,Wt. percent in 1.50 phi bin or 0.3536 mm bin,Wt. percent in 1.75 phi bin or 0.2973 mm bin,Wt. percent in 2.00 phi bin or 0.25 mm bin,Wt. percent in 2.25 phi bin or 0.2102 mm bin,Wt. percent in 2.50 phi bin or 0.1768 mm bin,Wt. percent in 2.75 phi bin or 0.1487 mm bin,Wt. percent in 3.00 phi bin or 0.125 mm bin,Wt. percent in 3.25 phi bin or 0.1051 mm bin,Wt. percent in 3.50 phi bin or 0.08839 mm bin,Wt. percent in 3.75 phi bin or 0.07433 mm bin,Wt. percent in 4.00 phi bin or 0.0625 mm bin,Wt. percent in 4.25 phi bin or 0.052556 mm bin,Wt. percent in 4.50 phi bin or 0.044194 mm bin,Wt. percent in 4.75 phi bin or 0.037163 mm bin,Wt. percent in 5.00 phi bin or 0.03125 mm bin,Wt. percent in 5.25 phi bin or 0.02628 mm bin,Wt. percent in 5.50 phi bin or 0.0221 mm bin,Wt. percent in 5.75 phi bin or 0.01858 mm bin,Wt. percent in 6.00 phi bin or 0.01563 mm bin,Wt. percent in 6.25 phi bin or 0.01314 mm bin,Wt. percent in 6.50 phi bin or 0.01105 mm bin,Wt. percent in 6.75 phi bin or 0.00929 mm bin,Wt. percent in 7.00 phi bin or 0.00781 mm bin,Wt. percent in 7.25 phi bin or 0.00657 mm bin,Wt. percent in 7.50 phi bin or 0.00552 mm bin,Wt. percent in 7.75 phi bin or 0.00465 mm bin,Wt. percent in 8.00 phi bin or 0.00391 mm bin,Wt. percent in 8.25 phi bin or 0.00329 mm bin,Wt. percent in 8.50 phi bin or 0.00276 mm bin,Wt. percent in 8.75 phi bin or 0.00232 mm bin,Wt. percent in 9.00 phi bin or 0.00195 mm bin,Wt. percent in 9.25 phi bin or 0.00164 mm bin,Wt. percent in 9.50 phi bin or 0.00138mm bin,Wt. percent in 9.75 phi bin or 0.00116 mm bin,Wt. percent in 9.99 phi bin or 0.00098 mm bin,Wt. percent in 10.25 phi bin or 0.00082 mm bin,Wt. percent in 10.50 phi bin or 0.00069 mm bin,Wt. percent in 10.75 phi bin or 0.00058 mm bin,Wt. percent in 10.99 phi bin or 0.00049 mm bin,Wt. percent in 11.25 phi bin or 0.0004 mm bin,Wt. percent in 11.48 phi bin or 0.00035 mm bin,Wt. percent in 12.02 phi bin or 0.000241 mm bin,Wt. percent in 13.02 phi bin or 0.00012 mm bin,Percent Gravel,Percent Sand,Percent Silt,Percent Clay,Percent Mud,Gravel to Sand Ratio,Sand to Silt Ratio,Silt to Clay Ratio,Sand to Clay Ratio,Sand to Mud Ratio,Gravel to Mud Ratio, D5 Phi, D10 Phi, D16 Phi, D25 Phi, D50 Phi, D75 Phi, D84 Phi, D90 Phi, D95 Phi, D95 mm, D90 mm, D84 mm, D75 mm, D50 mm, D25 mm, D16 mm, D10 mm, D5 mm, F-W Median Phi, F-W Mean Phi, F-W Sorting Phi, F-W Skewness Phi, F-W Kurtosis Phi, Inman Median Phi, Inman Mean Phi, Inman Sorting Phi, Inman Skew 16-84 Phi, Inman Skew 05-95 Phi, Inman Kurtosis Phi, Trask Median mm, Trask Mean mm, Trask Sorting mm, Trask Skewness mm, Trask Kurtosis mm, Mean Phi,Mean mm, Variance Phi, Std. Dev. Phi, Skewness Phi, Kurtosis Phi
2022-638-FA,TW1_B,22-638FA_01,2022-08-08,yes,19:21:00,48.144832,-123.583875,Grab,0.00,0.00,0.00,0.00,0.00,0.00,0.00,0.00,2.95,4.23,1.16,2.40,0.42,1.16,2.29,2.70,3.40,2.56,3.10,3.39,3.75,4.42,5.66,7.43,9.03,9.40,8.27,6.11,4.03,2.54,1.58,0.90,0.44,0.24,0.27,0.30,0.26,0.20,0.20,0.22,0.25,0.28,0.31,0.33,0.33,0.33,0.32,0.30,0.29,0.27,0.25,0.23,0.22,0.22,0.21,0.20,0.17,0.16,0.12,0.10,0.07,0.04,0.01,0.00,0.00,11.16,82.16,4.42,2.25,6.67,0.136,18.569,1.966,36.510,12.309,1.673,-1.866,-1.304,-0.365,0.396,1.720,2.418,2.760,3.208,5.729,0.0189,0.1082,0.1477,0.1871,0.3036,0.7601,1.2881,2.4696,3.6453,1.720,1.371,1.932,-0.139,1.539,1.720,1.197,1.562,-0.334,0.136,1.430,0.304,0.474,2.016,1.542,0.121,1.582,0.334,4.520,2.126,1.112,6.246
2022-638-FA,TW1_B duplicate,22-638FA_02,2022-08-08,yes,19:21:00,48.144832,-123.583875,Grab,0.00,0.00,0.00,0.00,15.23,0.00,3.17,0.00,0.00,0.57,2.02,0.80,2.33,0.99,2.30,2.18,2.94,2.01,2.59,2.94,3.34,3.91,4.88,6.29,7.55,7.87,6.85,5.04,3.33,2.13,1.39,0.90,0.57,0.35,0.26,0.24,0.23,0.22,0.20,0.20,0.22,0.25,0.27,0.28,0.28,0.27,0.27,0.25,0.24,0.22,0.20,0.19,0.18,0.18,0.17,0.17,0.15,0.13,0.10,0.08,0.06,0.03,0.01,0.00,0.00,24.11,69.99,4.01,1.89,5.90,0.345,17.440,2.128,37.112,11.865,4.088,-1.746,-2.190,-1.416,-0.779,1.394,2.291,2.660,3.101,4.807,0.0357,0.1166,0.1583,0.2044,0.3804,1.7158,2.6675,4.5618,3.3534,1.394,0.880,2.012,-0.169,0.875,1.394,0.622,2.038,-0.379,0.067,0.608,0.380,0.960,2.897,2.423,0.170,0.882,0.543,6.753,2.599,0.425,4.073
2022-638-FA,TW1_A,22-638FA_03,2022-08-08,yes,19:26:00,48.143157,-123.581949,Grab,0.00,3.93,0.00,0.00,0.00,5.66,0.00,7.22,9.22,4.81,4.59,4.64,1.44,1.57,2.07,1.72,2.35,2.16,2.86,3.13,3.00,2.94,3.60,5.11,6.61,6.97,5.64,3.45,1.73,0.88,0.55,0.39,0.24,0.12,0.07,0.06,0.06,0.05,0.04,0.04,0.04,0.05,0.06,0.06,0.06,0.06,0.06,0.06,0.06,0.06,0.05,0.06,0.06,0.06,0.06,0.06,0.05,0.04,0.03,0.02,0.02,0.01,0.00,0.00,0.00,41.51,56.96,0.96,0.56,1.53,0.729,59.031,1.713,101.111,37.271,27.164,-1.522,-1.245,-2.022,-2.024,0.090,1.870,2.195,2.445,2.793,0.1443,0.1837,0.2184,0.2736,0.9396,4.0677,4.0610,2.3710,2.8724,0.090,0.088,1.708,0.126,0.454,0.090,0.087,2.108,-0.002,0.259,0.023,0.940,2.171,3.856,1.260,0.867,-0.013,1.009,4.906,2.215,0.461,3.631
2022-638-FA,TW1_0,22-638FA_04,2022-08-08,yes,19:33:00,48.141747,-123.58019,Grab,0.00,0.00,0.00,0.00,0.00,0.00,0.00,0.00,0.00,0.00,0.00,0.00,0.00,0.00,0.00,0.00,0.00,0.00,0.00,0.00,0.00,0.00,0.00,0.00,0.20,0.99,2.37,4.72,7.53,9.63,10.05,8.99,7.24,5.78,4.87,4.18,3.48,2.75,2.12,1.72,1.57,1.59,1.65,1.69,1.69,1.65,1.59,1.47,1.37,1.24,1.08,0.97,0.87,0.79,0.74,0.70,0.64,0.62,0.52,0.42,0.30,0.17,0.04,0.00,0.00,0.00,51.73,39.18,9.10,48.27,0.000,1.320,4.307,5.687,1.072,0.000,2.598,2.819,3.005,3.240,3.941,5.513,6.879,7.833,8.981,0.0020,0.0044,0.0085,0.0219,0.0651,0.1058,0.1245,0.1418,0.1652,3.941,4.608,1.936,0.548,1.151,3.941,4.942,1.937,0.517,0.955,0.648,0.065,0.064,2.198,0.547,0.305,4.654,0.040,3.951,1.988,1.234,3.734
2022-638-FA,TW1_2,22-638FA_05,2022-08-08,yes,19:44:00,48.140727,-123.578845,Grab,0.00,0.00,0.00,0.00,0.00,0.00,0.00,0.00,0.00,0.00,0.00,0.00,0.00,0.00,0.00,0.00,0.00,0.00,0.00,0.00,0.00,0.00,0.00,0.15,1.15,3.33,6.79,11.69,15.90,16.79,13.72,8.53,4.02,1.53,0.69,0.54,0.51,0.47,0.44,0.48,0.59,0.77,0.90,0.98,1.01,1.01,0.98,0.90,0.83,0.75,0.64,0.57,0.51,0.46,0.43,0.42,0.38,0.37,0.30,0.23,0.15,0.08,0.02,0.00,0.00,0.00,82.07,12.63,5.30,17.93,0.000,6.498,2.385,15.496,4.578,0.000,2.269,2.465,2.616,2.784,3.169,3.659,4.387,6.758,8.098,0.0036,0.0092,0.0478,0.0792,0.1112,0.1451,0.1631,0.1811,0.2075,3.169,3.391,1.326,0.534,2.732,3.169,3.502,0.885,0.376,2.276,2.292,0.111,0.112,1.354,0.929,0.192,3.731,0.075,3.129,1.769,2.108,6.791
2022-638-FA,TW2_4,22-638FA_06,2022-08-08,yes,20:05:00,48.142723,-123.573494,Grab,0.00,29.75,0.00,0.00,0.00,0.00,0.00,0.00,0.00,0.00,0.27,0.00,0.00,0.00,0.00,0.02,0.04,0.26,0.58,1.14,2.03,2.91,3.77,4.86,6.06,6.94,7.26,7.20,6.59,5.40,3.74,2.15,1.05,0.49,0.29,0.25,0.25,0.24,0.23,0.24,0.29,0.36,0.42,0.46,0.47,0.46,0.45,0.41,0.37,0.34,0.29,0.26,0.23,0.21,0.20,0.18,0.16,0.14,0.11,0.09,0.06,0.03,0.01,0.00,0.00,30.02,62.01,5.68,2.29,7.97,0.484,10.914,2.480,27.063,7.777,3.766,-3.958,-3.916,-3.866,-3.790,1.936,2.823,3.199,3.632,6.444,0.0115,0.0806,0.1089,0.1413,0.2614,13.8319,14.5763,15.0947,15.5408,1.936,0.423,3.342,-0.388,0.645,1.936,-0.333,3.532,-0.642,-0.196,0.472,0.261,6.987,9.893,28.604,0.456,0.819,0.567,11.608,3.407,-0.091,2.451
2022-638-FA,TW2_3,22-638FA_07,2022-08-08,yes,20:09:00,48.14267,-123.574196,Grab,0.00,0.00,0.00,0.00,0.00,0.00,0.00,0.00,0.00,0.00,0.00,0.00,0.00,0.00,0.00,0.02,0.06,0.11,0.05,0.20,0.74,1.03,0.90,1.14,2.39,4.58,7.26,10.37,12.92,13.71,11.98,8.26,4.47,1.97,0.90,0.61,0.54,0.50,0.46,0.49,0.62,0.81,0.96,1.06,1.10,1.10,1.07,0.99,0.91,0.82,0.70,0.61,0.54,0.49,0.46,0.44,0.40,0.39,0.32,0.25,0.16,0.09,0.02,0.00,0.00,0.00,80.19,14.11,5.70,19.81,0.000,5.682,2.476,14.069,4.048,0.000,1.853,2.202,2.429,2.669,3.155,3.728,4.902,6.951,8.214,0.0034,0.0081,0.0334,0.0755,0.1123,0.1572,0.1857,0.2173,0.2768,3.155,3.495,1.582,0.502,2.462,3.155,3.666,1.236,0.413,1.519,1.572,0.112,0.116,1.443,0.942,0.195,3.692,0.077,3.636,1.907,1.763,5.729
2022-638-FA,TW2_2,22-638FA_08,2022-08-08,yes,20:12:00,48.142993,-123.57455,Grab,0.00,0.00,0.00,0.00,0.00,0.00,0.00,0.00,0.00,0.00,0.00,0.00,0.00,0.00,0.00,0.00,0.01,0.04,0.05,0.23,0.69,0.64,0.28,0.57,1.95,4.07,6.74,10.31,13.67,15.45,14.35,10.74,6.37,3.01,1.27,0.68,0.49,0.40,0.33,0.30,0.34,0.43,0.50,0.54,0.55,0.55,0.53,0.48,0.44,0.40,0.34,0.31,0.28,0.26,0.26,0.25,0.24,0.23,0.18,0.14,0.08,0.05,0.01,0.00,0.00,0.00,86.16,10.82,3.02,13.84,0.000,7.960,3.588,28.558,6.225,0.000,2.047,2.317,2.522,2.739,3.180,3.638,3.913,4.410,7.007,0.0078,0.0470,0.0664,0.0803,0.1104,0.1498,0.1741,0.2007,0.2421,3.180,3.205,1.099,0.299,2.262,3.180,3.217,0.696,0.054,1.937,2.566,0.110,0.115,1.366,0.988,0.226,3.448,0.092,2.144,1.464,2.461,10.411
2022-638-FA,TW2_1,22-638FA_09,2022-08-08,yes,20:17:00,48.143447,-123.575228,Grab,0.00,0.00,0.00,0.00,0.00,0.00,0.00,0.00,0.00,0.00,0.00,0.00,0.00,0.00,0.00,0.00,0.04,0.08,0.06,0.14,0.57,0.60,0.29,0.60,2.14,4.73,7.89,11.29,13.68,14.04,12.20,8.83,5.38,2.84,1.45,0.90,0.68,0.58,0.50,0.47,0.51,0.61,0.69,0.73,0.75,0.74,0.72,0.66,0.61,0.55,0.47,0.42,0.38,0.35,0.33,0.32,0.30,0.28,0.23,0.18,0.11,0.06,0.01,0.00,0.00,0.00,82.58,13.43,3.99,17.42,0.000,6.148,3.363,20.678,4.739,0.000,2.036,2.280,2.472,2.685,3.145,3.687,4.121,5.753,7.599,0.0052,0.0185,0.0575,0.0776,0.1131,0.1555,0.1802,0.2059,0.2438,3.145,3.246,1.255,0.393,2.274,3.145,3.297,0.824,0.184,2.029,2.374,0.113,0.117,1.415,0.945,0.208,3.546,0.086,2.716,1.648,2.150,7.966
2022-638-FA,TW2_0,22-638FA_10,2022-08-08,yes,20:20:00,48.143848,-123.576046,Grab,0.00,0.00,0.00,0.00,0.00,0.00,0.00,0.00,0.00,0.00,0.00,0.00,0.00,0.00,0.00,0.00,0.01,0.04,0.05,0.20,0.66,0.69,0.38,0.70,2.22,4.73,7.73,10.98,13.32,13.74,11.84,8.55,5.23,2.90,1.69,1.17,0.91,0.73,0.59,0.53,0.55,0.63,0.70,0.75,0.76,0.75,0.73,0.68,0.62,0.56,0.49,0.44,0.40,0.37,0.35,0.35,0.32,0.31,0.25,0.19,0.12,0.07,0.02,0.00,0.00,0.00,81.06,14.70,4.24,18.94,0.000,5.516,3.463,19.103,4.280,0.000,2.005,2.264,2.465,2.684,3.156,3.725,4.256,5.946,7.700,0.0048,0.0162,0.0524,0.0756,0.1122,0.1556,0.1811,0.2083,0.2492,3.156,3.292,1.311,0.412,2.241,3.156,3.360,0.895,0.229,1.895,2.180,0.112,0.116,1.435,0.934,0.208,3.580,0.084,2.850,1.688,2.071,7.532
2022-638-FA,TW2_A,22-638FA_11,2022-08-08,yes,20:22:00,48.144414,-123.576861,Grab,0.00,0.00,0.00,0.00,0.00,0.00,0.00,0.00,0.00,0.00,0.00,0.00,0.00,0.00,0.00,0.00,0.00,0.00,0.00,0.00,0.00,0.00,0.00,0.10,1.18,3.31,6.13,9.68,12.75,14.00,12.61,9.18,5.55,3.00,1.75,1.29,1.11,0.98,0.87,0.83,0.89,1.02,1.12,1.18,1.20,1.17,1.13,1.03,0.95,0.85,0.73,0.65,0.58,0.53,0.49,0.47,0.43,0.41,0.33,0.26,0.17,0.09,0.02,0.00,0.00,0.00,74.50,19.50,5.99,25.50,0.000,3.820,3.253,12.428,2.922,0.000,2.272,2.479,2.652,2.850,3.308,4.039,5.654,7.059,8.300,0.0032,0.0075,0.0199,0.0608,0.1010,0.1387,0.1591,0.1793,0.2071,3.308,3.871,1.664,0.610,2.076,3.308,4.153,1.501,0.563,1.318,1.008,0.101,0.100,1.510,0.828,0.227,3.948,0.065,3.432,1.853,1.774,5.475
2022-638-FA,TW2_B,22-638FA_12,2022-08-08,yes,20:26:00,48.145717,-123.578575,Grab,0.00,0.00,9.32,0.00,0.00,0.00,1.64,2.38,4.43,1.94,1.97,1.71,1.83,1.51,1.41,1.20,1.35,1.03,1.28,1.50,1.71,1.59,1.23,1.22,1.85,2.91,4.09,5.20,5.76,5.58,4.72,3.66,2.75,2.11,1.72,1.50,1.34,1.19,1.06,0.99,0.99,1.03,1.05,1.04,1.01,0.96,0.90,0.82,0.74,0.67,0.58,0.51,0.46,0.42,0.39,0.38,0.34,0.33,0.27,0.21,0.14,0.08,0.02,0.00,0.00,25.22,51.55,18.44,4.79,23.24,0.489,2.795,3.847,10.753,2.218,1.085,-2.312,-1.538,-2.079,-1.029,2.548,3.838,5.119,6.564,7.928,0.0041,0.0106,0.0288,0.0699,0.1710,2.0401,4.2242,2.9039,4.9657,2.548,1.863,3.351,-0.117,0.862,2.548,1.520,3.599,-0.286,0.072,0.423,0.171,1.055,5.400,4.880,0.340,1.977,0.254,11.671,3.416,0.122,2.479
2022-638-FA,TW2_C,22-638FA_13,2022-08-08,yes,20:29:00,48.146532,-123.580321,Grab,0.00,0.00,0.00,0.00,0.00,0.00,0.00,0.00,0.64,0.74,0.76,1.16,0.84,1.49,1.92,2.56,5.27,5.46,7.86,9.46,9.86,8.60,6.46,4.71,3.85,3.54,3.32,3.07,2.74,2.33,1.82,1.31,0.92,0.68,0.57,0.52,0.48,0.43,0.39,0.36,0.37,0.40,0.42,0.43,0.43,0.41,0.39,0.36,0.33,0.30,0.27,0.24,0.23,0.21,0.20,0.20,0.17,0.16,0.12,0.10,0.07,0.04,0.01,0.00,0.00,4.13,86.56,6.98,2.33,9.31,0.048,12.402,3.001,37.223,9.302,0.444,-0.836,-0.259,0.030,0.395,1.059,2.238,2.972,3.809,6.309,0.0126,0.0713,0.1275,0.2120,0.4801,0.7607,0.9791,1.1968,1.7845,1.059,1.354,1.818,0.385,1.588,1.059,1.501,1.471,0.301,1.141,1.429,0.480,0.486,1.894,0.700,0.244,1.562,0.339,4.308,2.076,1.741,6.939
2022-638-FA,TW3_D,22-638FA_14,2022-08-08,yes,20:42:00,48.14843,-123.576168,Grab,92.73,0.00,0.00,0.00,0.00,0.00,0.00,0.06,0.04,0.02,0.07,0.19,0.08,0.12,0.20,0.14,0.22,0.23,0.40,0.60,0.79,0.87,0.82,0.67,0.48,0.32,0.21,0.14,0.09,0.06,0.04,0.02,0.01,0.01,0.01,0.01,0.01,0.01,0.01,0.01,0.02,0.02,0.02,0.02,0.02,0.02,0.02,0.02,0.02,0.02,0.01,0.01,0.01,0.01,0.01,0.01,0.01,0.01,0.01,0.00,0.00,0.00,0.00,0.00,0.00,93.19,6.44,0.26,0.11,0.37,14.474,24.609,2.354,57.919,17.271,249.977,-4.000,-4.000,-4.000,-4.000,-4.000,-4.000,-4.000,-4.000,0.713,0.6101,16.0000,16.0000,16.0000,16.0000,16.0000,16.0000,16.0000,16.0000,-4.000,-4.000,0.714,0.500,0.000,-4.000,-4.000,0.000,0.000,0.000,0.000,16.000,16.000,1.000,1.000,0.000,-3.617,12.268,2.098,1.448,4.131,22.028
2022-638-FA,TW3_C,22-638FA_15,2022-08-08,yes,20:46:00,48.147687,-123.574755,Grab,0.00,0.00,0.00,0.00,0.00,0.00,0.00,0.00,0.00,0.00,0.00,0.00,0.00,0.00,0.00,0.00,0.02,0.17,0.49,1.12,2.20,3.61,5.60,8.33,11.02,12.50,11.98,10.00,7.48,5.21,3.41,2.10,1.21,0.67,0.43,0.38,0.39,0.39,0.38,0.40,0.49,0.62,0.72,0.79,0.81,0.81,0.79,0.72,0.67,0.60,0.52,0.46,0.41,0.37,0.34,0.31,0.27,0.25,0.20,0.16,0.11,0.06,0.01,0.00,0.00,0.00,86.45,9.48,4.08,13.55,0.000,9.123,2.323,21.194,6.378,0.000,1.083,1.372,1.596,1.837,2.356,3.023,3.598,6.002,7.661,0.0049,0.0156,0.0826,0.1231,0.1953,0.2798,0.3308,0.3865,0.4721,2.356,2.517,1.497,0.427,2.275,2.356,2.597,1.001,0.241,2.014,2.285,0.195,0.201,1.508,0.903,0.211,2.882,0.136,3.656,1.912,2.060,6.992
2022-638-FA,TW3_B,22-638FA_16,2022-08-08,yes,20:49:00,48.147291,-123.573993,Grab,0.00,0.00,0.00,0.00,0.00,0.00,0.00,0.00,0.00,0.00,0.00,0.00,0.00,0.00,0.00,0.00,0.23,1.03,2.20,4.07,6.94,9.82,11.95,12.69,11.95,10.09,7.54,5.08,3.24,2.05,1.36,0.98,0.73,0.56,0.47,0.42,0.39,0.35,0.31,0.30,0.31,0.35,0.38,0.40,0.40,0.39,0.37,0.34,0.32,0.29,0.25,0.23,0.21,0.19,0.18,0.17,0.14,0.12,0.09,0.07,0.05,0.03,0.01,0.00,0.00,0.00,91.94,6.06,2.01,8.06,0.000,15.179,3.020,45.834,11.402,0.000,0.615,0.856,1.046,1.267,1.774,2.383,2.781,3.456,5.972,0.0159,0.0911,0.1455,0.1917,0.2925,0.4156,0.4845,0.5524,0.6530,1.774,1.867,1.245,0.364,1.967,1.774,1.913,0.868,0.161,1.751,2.087,0.292,0.304,1.472,0.931,0.243,2.135,0.228,2.605,1.614,2.597,10.904
2022-638-FA,TW3_A,22-638FA_17,2022-08-08,yes,20:53:00,48.146864,-123.573243,Grab,0.00,0.00,0.00,0.00,0.00,0.00,0.00,1.82,0.00,0.00,0.16,0.84,0.70,0.72,2.25,4.93,9.71,9.73,11.99,12.86,12.25,10.16,7.32,4.73,2.87,1.65,0.91,0.50,0.28,0.17,0.11,0.07,0.06,0.05,0.04,0.06,0.08,0.09,0.09,0.10,0.12,0.15,0.17,0.19,0.20,0.21,0.20,0.19,0.17,0.16,0.14,0.12,0.11,0.10,0.10,0.09,0.09,0.08,0.06,0.04,0.01,0.01,0.00,0.00,0.00,3.51,93.27,2.11,1.10,3.22,0.038,44.112,1.917,84.572,28.991,1.092,-0.615,-0.297,-0.107,0.104,0.644,1.174,1.450,1.741,2.333,0.1985,0.2992,0.3660,0.4432,0.6398,0.9305,1.0767,1.2286,1.5319,0.644,0.663,0.836,0.090,1.129,0.644,0.672,0.778,0.035,0.275,0.894,0.640,0.687,1.449,1.008,0.262,0.804,0.573,2.233,1.494,3.012,17.161
2022-638-FA,TW3_0,22-638FA_18,2022-08-08,yes,20:57:00,48.146476,-123.572518,Grab,95.13,0.00,0.00,3.81,0.00,0.00,0.00,0.00,0.00,0.00,0.00,0.00,0.02,0.01,0.01,0.02,0.02,0.02,0.02,0.03,0.03,0.04,0.05,0.05,0.05,0.06,0.06,0.06,0.07,0.07,0.06,0.06,0.04,0.03,0.02,0.01,0.01,0.01,0.01,0.01,0.01,0.01,0.01,0.01,0.01,0.01,0.01,0.01,0.01,0.01,0.00,0.00,0.00,0.00,0.00,0.00,0.00,0.00,0.00,0.00,0.00,0.00,0.00,0.00,0.00,98.96,0.83,0.18,0.03,0.21,119.454,4.619,5.579,25.766,3.917,467.862,-4.000,-4.000,-4.000,-4.000,-4.000,-4.000,-4.000,-4.000,-4.000,16.0000,16.0000,16.0000,16.0000,16.0000,16.0000,16.0000,16.0000,16.0000,-4.000,-4.000,0.000,0.000,0.000,-4.000,-4.000,0.000,0.000,0.000,0.000,16.000,16.000,1.000,1.000,0.000,-3.903,14.964,0.555,0.745,10.648,128.508
2022-638-FA,T0_B,22-638FA_19,2022-08-08,yes,21:01:00,48.149164,-123.572537,Grab,25.09,29.21,7.68,0.00,24.51,3.37,0.00,4.16,3.62,0.24,0.80,0.54,0.36,0.15,0.04,0.03,0.00,0.01,0.01,0.01,0.00,0.01,0.00,0.00,0.01,0.01,0.01,0.01,0.01,0.01,0.01,0.00,0.00,0.00,0.00,0.00,0.00,0.00,0.00,0.00,0.01,0.01,0.01,0.01,0.01,0.01,0.01,0.01,0.01,0.00,0.00,0.00,0.00,0.00,0.00,0.00,0.00,0.00,0.00,0.00,0.00,0.00,0.00,0.00,0.00,99.58,0.31,0.08,0.03,0.11,321.071,3.789,2.634,9.979,2.746,881.770,-4.000,-4.000,-4.000,-4.000,-3.793,-1.977,-2.722,-1.247,-2.183,4.5409,2.3732,6.5984,3.9379,13.8569,16.0000,16.0000,16.0000,16.0000,-3.793,-3.505,0.595,0.723,0.368,-3.793,-3.361,0.639,0.675,1.097,0.422,13.857,9.969,2.016,0.328,0.443,-3.473,11.105,0.526,0.725,4.960,64.070
2022-638-FA,T0_A,22-638FA_20,2022-08-08,yes,21:05:00,48.148744,-123.571693,Grab,59.80,6.90,4.05,0.00,6.49,3.80,2.20,3.03,1.40,1.39,1.70,1.28,1.64,0.59,1.23,0.93,0.82,0.53,0.54,0.46,0.35,0.24,0.15,0.10,0.07,0.05,0.03,0.02,0.02,0.02,0.01,0.01,0.01,0.00,0.00,0.00,0.00,0.00,0.00,0.00,0.01,0.01,0.01,0.01,0.01,0.01,0.01,0.01,0.01,0.01,0.01,0.01,0.00,0.00,0.00,0.00,0.00,0.00,0.00,0.00,0.00,0.00,0.00,0.00,0.00,93.68,6.18,0.10,0.05,0.14,15.155,63.310,2.112,133.738,42.969,651.207,-4.000,-4.000,-4.000,-4.000,-4.000,-2.185,-2.431,-1.607,-0.578,1.4930,3.0462,5.3935,4.5478,16.0000,16.0000,16.0000,16.0000,16.0000,-4.000,-3.477,0.911,1.000,0.773,-4.000,-3.216,0.784,1.000,2.181,1.181,16.000,10.274,1.876,0.284,0.442,-3.354,10.222,1.480,1.216,2.792,15.305
2022-638-FA,T0_1,22-638FA_21,2022-08-08,yes,21:10:00,48.148518,-123.57122,Grab,0.00,54.21,0.00,0.00,0.00,4.92,8.34,1.51,5.00,4.31,2.76,3.11,2.37,1.92,2.10,1.70,1.73,0.94,0.93,0.78,0.64,0.50,0.37,0.26,0.17,0.11,0.06,0.04,0.03,0.02,0.02,0.02,0.02,0.02,0.02,0.03,0.03,0.04,0.04,0.04,0.05,0.06,0.07,0.07,0.07,0.07,0.07,0.06,0.06,0.05,0.04,0.04,0.03,0.03,0.03,0.03,0.02,0.02,0.02,0.01,0.01,0.01,0.00,0.00,0.00,86.53,12.35,0.77,0.35,1.12,7.007,16.011,2.225,35.632,11.047,77.403,-3.977,-3.954,-3.926,-3.885,-3.769,-1.941,-1.262,-0.564,0.275,0.8267,1.4781,2.3987,3.8397,13.6365,14.7711,15.2022,15.4966,15.7463,-3.769,-2.986,1.310,0.892,0.896,-3.769,-2.594,1.332,0.882,1.440,0.596,13.637,9.305,1.961,0.305,0.390,-2.714,6.560,3.082,1.756,2.710,14.905
2022-638-FA,T1_A,22-638FA_22,2022-08-08,yes,21:16:00,48.150909,-123.570073,Grab,73.58,6.59,5.91,2.13,1.27,3.02,0.96,0.25,2.01,0.91,1.37,0.52,0.30,0.18,0.21,0.08,0.07,0.03,0.03,0.03,0.02,0.02,0.02,0.02,0.02,0.02,0.02,0.02,0.02,0.02,0.02,0.02,0.02,0.02,0.02,0.02,0.02,0.02,0.02,0.02,0.02,0.02,0.02,0.01,0.01,0.01,0.01,0.01,0.01,0.01,0.01,0.01,0.01,0.00,0.00,0.00,0.00,0.00,0.00,0.00,0.00,0.00,0.00,0.00,0.00,98.83,0.86,0.26,0.05,0.31,114.961,3.343,4.997,16.706,2.786,320.227,-4.000,-4.000,-4.000,-4.000,-4.000,-3.947,-3.588,-2.940,-1.910,3.7580,7.6756,12.0249,15.4187,16.0000,16.0000,16.0000,16.0000,16.0000,-4.000,-3.863,0.420,1.000,16.044,-4.000,-3.794,0.206,1.000,5.072,4.072,16.000,15.709,1.019,0.964,0.035,-3.713,13.112,0.774,0.880,6.745,70.529
2022-638-FA,T1_0,22-638FA_23,2022-08-08,yes,21:19:00,48.150604,-123.569473,Grab,72.83,0.00,0.00,0.00,4.25,1.02,0.00,2.90,0.76,1.76,2.14,2.18,1.66,1.56,1.51,1.00,1.10,0.67,0.71,0.68,0.63,0.56,0.46,0.36,0.25,0.17,0.10,0.07,0.05,0.05,0.04,0.03,0.02,0.02,0.02,0.02,0.02,0.02,0.02,0.02,0.02,0.02,0.03,0.03,0.03,0.03,0.02,0.02,0.02,0.02,0.01,0.01,0.01,0.01,0.01,0.01,0.01,0.01,0.00,0.00,0.00,0.00,0.00,0.00,0.00,89.50,10.04,0.34,0.12,0.46,8.915,29.621,2.885,85.454,21.996,196.089,-4.000,-4.000,-4.000,-4.000,-4.000,-1.952,-1.691,-0.921,0.116,0.9230,1.8932,3.2287,3.8680,16.0000,16.0000,16.0000,16.0000,16.0000,-4.000,-3.230,1.201,1.000,0.823,-4.000,-2.845,1.155,1.000,1.782,0.782,16.000,9.934,2.034,0.242,0.430,-3.223,9.336,2.477,1.574,2.684,13.080
2022-638-FA,T1_1B,22-638FA_24,2022-08-08,yes,21:23:00,48.150311,-123.569194,Grab,0.00,0.00,19.12,0.00,8.68,6.99,3.54,5.89,4.24,3.13,4.58,3.71,3.53,2.62,4.02,3.10,4.24,2.72,3.25,3.35,3.13,2.65,2.06,1.44,0.92,0.54,0.30,0.17,0.12,0.09,0.06,0.05,0.04,0.03,0.03,0.04,0.04,0.05,0.05,0.05,0.07,0.08,0.10,0.11,0.11,0.11,0.11,0.10,0.09,0.08,0.07,0.06,0.06,0.05,0.05,0.04,0.04,0.03,0.02,0.02,0.01,0.01,0.00,0.00,0.00,63.41,34.88,1.16,0.55,1.71,1.818,30.185,2.095,63.242,20.432,37.140,-1.962,-2.288,-2.996,-2.225,-1.879,-0.133,0.548,1.014,1.573,0.3361,0.4953,0.6839,1.0965,3.6776,4.6750,7.9776,4.8850,3.8960,-1.879,-1.442,1.422,0.661,0.692,-1.879,-1.224,1.772,0.370,0.950,-0.003,3.678,2.886,2.065,0.379,0.408,-1.455,2.741,4.209,2.052,1.593,7.792
2022-638-FA,T1_1,22-638FA_25,2022-08-08,yes,21:27:00,48.149874,-123.568452,Grab,93.15,0.00,0.00,3.61,0.00,0.00,0.00,0.00,0.14,0.22,0.07,0.00,0.04,0.12,0.21,0.26,0.27,0.23,0.22,0.21,0.21,0.20,0.18,0.15,0.11,0.07,0.04,0.03,0.02,0.01,0.01,0.01,0.00,0.00,0.00,0.00,0.01,0.01,0.01,0.01,0.01,0.01,0.01,0.01,0.01,0.01,0.01,0.01,0.01,0.01,0.01,0.01,0.01,0.01,0.01,0.00,0.00,0.00,0.00,0.00,0.00,0.00,0.00,0.00,0.00,97.24,2.55,0.14,0.06,0.20,38.070,17.918,2.388,42.780,12.629,480.780,-4.000,-4.000,-4.000,-4.000,-4.000,-4.000,-4.000,-4.000,-2.111,4.3189,16.0000,16.0000,16.0000,16.0000,16.0000,16.0000,16.0000,16.0000,-4.000,-4.000,0.286,0.500,0.000,-4.000,-4.000,0.000,0.000,0.000,0.000,16.000,16.000,1.000,1.000,0.000,-3.827,14.196,0.824,0.908,7.243,68.244
2022-638-FA,T1_2,22-638FA_26,2022-08-08,yes,21:30:00,48.149615,-123.56781,Grab,39.92,0.00,0.00,0.00,0.00,0.00,0.00,0.00,0.00,1.41,0.64,1.34,0.52,0.91,1.73,2.42,3.70,3.97,5.41,6.44,7.03,6.79,5.70,4.18,2.66,1.48,0.72,0.34,0.18,0.11,0.07,0.04,0.03,0.03,0.02,0.04,0.05,0.06,0.06,0.07,0.09,0.12,0.14,0.15,0.15,0.15,0.15,0.14,0.13,0.11,0.10,0.09,0.08,0.07,0.07,0.06,0.05,0.04,0.03,0.02,0.01,0.01,0.00,0.00,0.00,43.83,53.91,1.53,0.73,2.26,0.813,35.217,2.099,73.922,23.853,19.392,-4.000,-4.000,-4.000,-4.000,-0.165,0.985,1.327,1.621,2.035,0.2439,0.3251,0.3986,0.5052,1.1215,16.0000,16.0000,16.0000,16.0000,-0.165,-0.946,2.246,-0.355,0.496,-0.165,-1.337,2.663,-0.440,-0.307,0.133,1.122,8.253,5.628,6.426,0.494,-1.053,2.075,7.329,2.707,0.498,3.353
2022-638-FA,T1_4,22-638FA_27,2022-08-08,yes,21:34:00,48.14925,-123.567436,Grab,52.72,0.00,11.04,0.00,0.00,0.00,7.68,1.14,1.55,0.23,0.59,0.69,0.59,0.44,0.31,0.41,0.63,0.91,1.36,1.83,2.29,2.64,2.79,2.70,2.31,1.71,1.04,0.52,0.25,0.14,0.09,0.06,0.04,0.03,0.02,0.03,0.04,0.04,0.04,0.05,0.06,0.07,0.08,0.08,0.09,0.08,0.08,0.07,0.06,0.06,0.05,0.04,0.04,0.04,0.03,0.03,0.02,0.02,0.01,0.01,0.01,0.00,0.00,0.00,0.00,76.23,22.48,0.93,0.36,1.29,3.391,24.301,2.550,61.967,17.455,59.199,-4.000,-4.000,-4.000,-4.000,-4.000,-1.484,0.957,1.515,2.020,0.2466,0.3500,0.5150,2.7982,16.0000,16.0000,16.0000,16.0000,16.0000,-4.000,-2.348,2.151,1.000,0.981,-4.000,-1.521,2.479,1.000,1.214,0.214,16.000,9.399,2.391,0.175,0.422,-2.431,5.392,5.875,2.424,1.601,5.293
2022-638-FA,T2_A,22-638FA_28,2022-08-08,yes,21:46:00,48.151876,-123.567894,Grab,61.49,10.09,6.55,0.00,0.00,7.25,1.34,0.89,2.29,1.91,1.73,0.89,0.79,0.71,0.47,0.39,0.30,0.23,0.24,0.25,0.25,0.25,0.24,0.23,0.21,0.18,0.14,0.11,0.08,0.07,0.05,0.04,0.03,0.02,0.02,0.02,0.02,0.02,0.01,0.02,0.02,0.02,0.02,0.02,0.02,0.02,0.01,0.01,0.01,0.01,0.01,0.01,0.01,0.01,0.01,0.01,0.00,0.00,0.00,0.00,0.00,0.00,0.00,0.00,0.00,95.22,4.46,0.25,0.06,0.31,21.335,17.778,4.014,71.353,14.232,303.631,-4.000,-4.000,-4.000,-4.000,-4.000,-3.622,-2.300,-1.988,-1.071,2.1014,3.9663,4.9240,12.3080,16.0000,16.0000,16.0000,16.0000,16.0000,-4.000,-3.433,0.869,1.000,3.171,-4.000,-3.150,0.850,1.000,1.723,0.723,16.000,14.154,1.140,0.769,0.153,-3.440,10.851,1.595,1.263,3.732,22.522
2022-638-FA,T2_0,22-638FA_29,2022-08-08,yes,21:49:00,48.151476,-123.567097,Grab,0.00,0.00,16.81,7.91,16.32,1.75,3.82,2.69,2.41,2.44,1.68,4.23,3.10,2.91,4.26,3.97,4.25,3.08,3.40,3.30,2.89,2.35,1.75,1.21,0.79,0.50,0.30,0.18,0.12,0.09,0.06,0.05,0.03,0.03,0.02,0.03,0.04,0.04,0.04,0.04,0.05,0.07,0.08,0.08,0.08,0.08,0.08,0.08,0.07,0.06,0.05,0.05,0.04,0.04,0.04,0.04,0.03,0.02,0.02,0.01,0.01,0.01,0.00,0.00,0.00,63.18,35.49,0.91,0.43,1.33,1.780,39.150,2.122,83.062,26.609,47.372,-1.989,-2.416,-3.340,-3.244,-2.179,-0.209,0.425,0.892,1.451,0.3659,0.5390,0.7448,1.1555,4.5293,9.4743,10.1246,5.3358,3.9701,-2.179,-1.698,1.462,0.747,0.464,-2.179,-1.457,1.882,0.384,1.015,-0.086,4.529,5.315,2.863,0.534,0.867,-1.613,3.058,4.062,2.015,1.473,7.111
2022-638-FA,T2_1,22-638FA_30,2022-08-08,yes,21:51:00,48.150931,-123.566485,Grab,73.84,9.60,0.00,4.77,0.00,0.00,1.34,3.21,0.78,0.17,0.52,0.26,0.42,0.44,0.56,0.45,0.46,0.35,0.39,0.39,0.37,0.33,0.26,0.21,0.16,0.11,0.08,0.05,0.04,0.03,0.02,0.02,0.01,0.01,0.01,0.01,0.01,0.01,0.01,0.01,0.02,0.02,0.02,0.02,0.02,0.02,0.02,0.02,0.02,0.01,0.01,0.01,0.01,0.01,0.01,0.01,0.01,0.01,0.00,0.00,0.00,0.00,0.00,0.00,0.00,94.92,4.74,0.25,0.10,0.35,20.033,19.071,2.570,49.005,13.728,275.013,-4.000,-4.000,-4.000,-4.000,-4.000,-3.970,-1.757,-2.449,-0.952,1.9350,5.4614,3.3805,15.6724,16.0000,16.0000,16.0000,16.0000,16.0000,-4.000,-3.252,1.022,1.000,41.849,-4.000,-2.879,1.121,1.000,1.359,0.359,16.000,15.836,1.010,0.980,0.016,-3.589,12.033,1.497,1.224,4.591,31.120
2022-638-FA,T2_2,22-638FA_31,2022-08-08,yes,21:56:00,48.150145,-123.565675,Grab,32.10,0.00,0.00,0.00,1.04,0.45,0.60,0.00,0.18,0.23,0.14,0.16,0.20,0.30,0.88,1.92,3.79,4.89,7.11,8.90,9.82,9.08,7.11,4.68,2.63,1.29,0.61,0.30,0.17,0.10,0.06,0.04,0.03,0.02,0.02,0.03,0.03,0.03,0.03,0.04,0.04,0.06,0.07,0.07,0.08,0.08,0.07,0.07,0.06,0.06,0.05,0.05,0.04,0.04,0.04,0.03,0.03,0.02,0.01,0.01,0.01,0.00,0.00,0.00,0.00,35.10,63.69,0.81,0.40,1.21,0.551,78.761,2.011,158.394,52.604,28.985,-4.000,-4.000,-4.000,-4.000,0.371,1.065,1.327,1.558,1.883,0.2711,0.3397,0.3985,0.4781,0.7731,16.0000,16.0000,16.0000,16.0000,0.371,-0.767,2.223,-0.564,0.476,0.371,-1.336,2.664,-0.641,-0.537,0.104,0.773,8.239,5.785,12.798,0.496,-0.729,1.658,6.238,2.498,-0.031,2.809
2022-638-FA,T2_3,22-638FA_32,2022-08-08,yes,21:58:00,48.149888,-123.565437,Grab,0.00,0.00,0.00,0.00,0.00,0.00,5.96,0.00,0.39,0.72,2.69,1.72,1.20,1.33,1.84,2.75,4.75,6.02,8.51,10.36,11.16,10.36,8.67,6.76,4.96,3.36,1.98,0.97,0.45,0.23,0.15,0.09,0.07,0.06,0.05,0.06,0.08,0.08,0.08,0.09,0.11,0.13,0.15,0.16,0.16,0.16,0.15,0.14,0.13,0.11,0.10,0.09,0.08,0.08,0.08,0.07,0.05,0.04,0.02,0.02,0.01,0.01,0.00,0.00,0.00,12.68,84.77,1.78,0.76,2.54,0.150,47.592,2.333,111.013,33.311,4.983,-2.150,-1.466,-0.485,0.075,0.792,1.401,1.705,1.992,2.435,0.1849,0.2514,0.3067,0.3786,0.5776,0.9495,1.3992,2.7622,4.4380,0.792,0.671,1.242,-0.225,1.417,0.792,0.610,1.095,-0.166,-0.593,1.094,0.578,0.664,1.584,1.078,0.114,0.700,0.616,2.696,1.642,1.270,9.898
2022-638-FA,T3_3,22-638FA_33,2022-08-08,yes,22:01:00,48.150493,-123.562899,Grab,0.00,0.00,0.00,0.00,0.00,0.00,0.00,0.00,0.44,1.94,1.83,1.60,2.73,1.60,3.13,3.42,5.54,4.95,6.61,7.89,9.06,9.62,9.62,8.82,7.19,5.03,2.93,1.41,0.65,0.33,0.19,0.13,0.09,0.07,0.06,0.07,0.09,0.10,0.10,0.11,0.13,0.17,0.19,0.21,0.22,0.21,0.20,0.19,0.17,0.15,0.13,0.12,0.11,0.10,0.09,0.09,0.07,0.05,0.03,0.03,0.02,0.01,0.00,0.00,0.00,8.53,88.19,2.28,0.99,3.28,0.097,38.612,2.303,88.910,26.921,2.605,-1.373,-0.771,-0.296,0.143,0.982,1.644,1.932,2.199,2.688,0.1552,0.2177,0.2622,0.3199,0.5063,0.9057,1.2277,1.7060,2.5892,0.982,0.872,1.172,-0.154,1.108,0.982,0.818,1.114,-0.147,-0.291,0.823,0.506,0.613,1.683,1.130,0.197,0.991,0.503,2.565,1.602,1.956,11.228
2022-638-FA,T3_2,22-638FA_34,2022-08-08,yes,22:04:00,48.150841,-123.563228,Grab,41.62,0.00,14.24,0.00,0.59,0.00,0.00,0.00,0.00,0.00,1.11,0.75,1.42,0.87,1.35,2.26,3.15,3.21,4.32,5.16,5.44,4.91,3.72,2.35,1.24,0.56,0.25,0.13,0.09,0.06,0.04,0.03,0.02,0.02,0.02,0.03,0.03,0.03,0.03,0.04,0.05,0.06,0.06,0.07,0.07,0.07,0.07,0.06,0.06,0.05,0.04,0.04,0.04,0.03,0.03,0.03,0.02,0.02,0.01,0.01,0.01,0.00,0.00,0.00,0.00,59.72,39.17,0.77,0.34,1.11,1.525,50.999,2.249,114.683,35.301,53.830,-4.000,-4.000,-4.000,-4.000,-2.403,0.506,0.934,1.230,1.590,0.3321,0.4264,0.5234,0.7041,5.2894,16.0000,16.0000,16.0000,16.0000,-2.403,-1.823,2.080,0.391,0.508,-2.403,-1.533,2.467,0.353,0.486,0.133,5.289,8.352,4.767,0.403,0.491,-1.895,3.719,6.063,2.462,0.869,3.461
2022-638-FA,T3_1,22-638FA_35,2022-08-08,yes,22:07:00,48.151914,-123.564044,Grab,45.92,39.84,8.71,0.00,1.86,0.97,0.00,1.44,0.00,0.00,0.00,0.18,0.17,0.05,0.03,0.05,0.02,0.04,0.05,0.05,0.06,0.06,0.06,0.05,0.04,0.04,0.03,0.02,0.01,0.01,0.01,0.01,0.00,0.00,0.00,0.00,0.01,0.01,0.01,0.01,0.01,0.01,0.01,0.01,0.01,0.01,0.01,0.01,0.01,0.01,0.01,0.01,0.01,0.01,0.00,0.00,0.00,0.00,0.00,0.00,0.00,0.00,0.00,0.00,0.00,99.09,0.71,0.14,0.06,0.20,140.313,4.987,2.393,11.931,3.517,493.459,-4.000,-4.000,-4.000,-4.000,-3.978,-3.825,-3.763,-3.630,-1.709,3.2697,12.3842,13.5726,14.1700,15.7554,16.0000,16.0000,16.0000,16.0000,-3.978,-3.913,0.406,0.897,5.358,-3.978,-3.881,0.119,0.813,9.464,8.651,15.755,15.085,1.063,0.913,0.253,-3.800,13.928,0.507,0.712,10.578,148.052
2022-638-FA,T3_1 duplicate,22-638FA_36,2022-08-08,yes,22:07:00,48.151914,-123.564044,Grab,31.81,47.81,0.00,6.24,1.47,0.00,1.86,0.49,1.70,1.29,1.36,1.12,0.76,0.53,0.53,0.29,0.37,0.22,0.25,0.26,0.25,0.24,0.22,0.18,0.15,0.11,0.07,0.05,0.03,0.02,0.02,0.01,0.01,0.00,0.00,0.01,0.01,0.01,0.01,0.01,0.01,0.02,0.02,0.02,0.02,0.02,0.02,0.02,0.02,0.01,0.01,0.01,0.01,0.01,0.01,0.01,0.01,0.01,0.00,0.00,0.00,0.00,0.00,0.00,0.00,95.91,3.80,0.21,0.09,0.30,25.265,18.378,2.239,41.141,12.703,320.955,-4.000,-4.000,-4.000,-4.000,-3.918,-3.779,-2.463,-2.164,-1.283,2.4326,4.4819,5.5134,13.7281,15.1175,16.0000,16.0000,16.0000,16.0000,-3.918,-3.460,0.796,0.917,5.041,-3.918,-3.231,0.769,0.893,1.661,0.768,15.118,14.864,1.080,0.961,0.099,-3.512,11.404,1.350,1.162,4.558,32.925
2022-638-FA,T3_0,22-638FA_37,2022-08-08,yes,22:10:00,48.152584,-123.564576,Grab,47.22,0.00,0.00,0.00,0.00,3.13,4.40,0.84,2.26,1.11,3.61,2.21,2.41,2.24,2.52,2.94,3.65,2.81,3.31,3.39,3.15,2.62,1.95,1.30,0.79,0.45,0.26,0.17,0.12,0.09,0.06,0.04,0.03,0.02,0.02,0.02,0.02,0.03,0.03,0.03,0.04,0.05,0.05,0.06,0.06,0.06,0.06,0.05,0.05,0.04,0.04,0.03,0.03,0.03,0.03,0.03,0.02,0.02,0.01,0.01,0.01,0.00,0.00,0.00,0.00,67.18,31.89,0.64,0.29,0.92,2.106,50.103,2.217,111.097,34.531,72.734,-4.000,-4.000,-4.000,-4.000,-2.477,-0.242,0.453,0.905,1.400,0.3789,0.5339,0.7305,1.1822,5.5667,16.0000,16.0000,16.0000,16.0000,-2.477,-2.008,1.931,0.376,0.589,-2.477,-1.773,2.227,0.316,0.529,0.213,5.567,8.591,3.679,0.610,0.479,-2.095,4.272,4.880,2.209,1.104,4.717
2022-638-FA,T3_A,22-638FA_38,2022-08-08,yes,22:14:00,48.153119,-123.565477,Grab,0.00,0.00,0.00,0.00,0.00,0.00,0.00,0.00,1.54,0.00,1.41,1.30,2.02,3.35,6.85,10.70,15.08,11.22,12.30,11.43,8.99,5.97,3.31,1.52,0.63,0.28,0.15,0.09,0.05,0.03,0.02,0.02,0.02,0.02,0.02,0.03,0.04,0.04,0.04,0.05,0.06,0.08,0.09,0.10,0.11,0.11,0.11,0.10,0.09,0.09,0.08,0.07,0.07,0.06,0.06,0.06,0.05,0.03,0.02,0.02,0.01,0.01,0.00,0.00,0.00,6.27,92.01,1.10,0.62,1.72,0.068,83.656,1.772,148.258,53.480,3.642,-1.143,-0.731,-0.510,-0.291,0.173,0.703,0.939,1.157,1.463,0.3628,0.4483,0.5217,0.6142,0.8870,1.2232,1.4244,1.6593,2.2080,0.173,0.200,0.757,0.023,1.074,0.173,0.214,0.725,0.057,-0.018,0.798,0.887,0.919,1.411,0.955,0.251,0.277,0.825,1.526,1.235,3.700,26.010
2022-638-FA,T4_A,22-638FA_39,2022-08-08,yes,22:18:00,48.153681,-123.56279,Grab,73.73,0.00,2.18,1.91,0.70,1.51,4.16,1.78,1.90,2.37,1.97,1.39,1.06,0.86,0.90,0.66,0.63,0.15,0.17,0.18,0.18,0.17,0.14,0.11,0.08,0.06,0.05,0.04,0.04,0.04,0.04,0.04,0.04,0.05,0.05,0.04,0.04,0.04,0.04,0.04,0.04,0.04,0.04,0.04,0.04,0.04,0.03,0.03,0.02,0.02,0.02,0.01,0.01,0.01,0.01,0.01,0.01,0.01,0.01,0.01,0.00,0.00,0.00,0.00,0.00,94.68,4.58,0.61,0.14,0.74,20.693,7.525,4.443,33.431,6.143,127.108,-4.000,-4.000,-4.000,-4.000,-4.000,-2.390,-2.505,-1.775,-0.909,1.8778,3.4223,5.6750,5.2422,16.0000,16.0000,16.0000,16.0000,16.0000,-4.000,-3.502,0.842,1.000,0.787,-4.000,-3.252,0.748,1.000,2.067,1.067,16.000,10.621,1.747,0.328,0.428,-3.405,10.596,1.935,1.391,4.015,26.069
2022-638-FA,T4_0,22-638FA_40,2022-08-08,yes,22:21:00,48.153093,-123.562528,Grab,45.01,23.20,18.80,0.00,0.00,0.00,1.00,2.14,1.53,1.98,0.63,0.18,0.27,0.33,0.14,0.27,0.35,0.31,0.40,0.47,0.53,0.52,0.46,0.35,0.25,0.17,0.12,0.09,0.07,0.05,0.04,0.03,0.02,0.01,0.01,0.01,0.01,0.01,0.01,0.01,0.01,0.01,0.02,0.02,0.02,0.02,0.02,0.01,0.01,0.01,0.01,0.01,0.01,0.01,0.01,0.01,0.01,0.00,0.00,0.00,0.00,0.00,0.00,0.00,0.00,94.74,4.97,0.21,0.08,0.30,19.070,23.242,2.565,59.617,16.722,318.897,-4.000,-4.000,-4.000,-4.000,-3.950,-3.658,-3.539,-2.261,-0.797,1.7372,4.7927,11.6248,12.6244,15.4565,16.0000,16.0000,16.0000,16.0000,-3.950,-3.830,0.601,0.876,3.840,-3.950,-3.770,0.230,0.784,6.734,5.951,15.456,14.312,1.126,0.845,0.151,-3.480,11.159,1.636,1.279,4.091,24.516
2022-638-FA,T4_1,22-638FA_41,2022-08-08,yes,22:23:00,48.1527,-123.561892,Grab,26.76,8.46,18.65,16.88,4.22,4.32,0.71,5.11,2.66,2.22,1.11,1.42,1.10,0.67,0.66,0.47,0.39,0.29,0.33,0.33,0.32,0.28,0.23,0.19,0.17,0.17,0.18,0.21,0.23,0.22,0.19,0.13,0.08,0.04,0.03,0.03,0.03,0.03,0.03,0.03,0.03,0.03,0.03,0.03,0.03,0.03,0.03,0.03,0.02,0.02,0.02,0.02,0.01,0.01,0.01,0.01,0.01,0.01,0.01,0.01,0.00,0.00,0.00,0.00,0.00,93.62,5.73,0.49,0.15,0.64,16.333,11.634,3.241,37.703,8.891,145.205,-4.000,-4.000,-4.000,-4.000,-3.532,-2.998,-2.188,-1.751,-0.474,1.3893,3.3648,4.5563,7.9896,11.5648,16.0000,16.0000,16.0000,16.0000,-3.532,-3.240,0.987,0.609,1.442,-3.532,-3.094,0.906,0.483,1.429,0.946,11.565,11.995,1.415,0.956,0.317,-3.097,8.556,2.175,1.475,3.627,20.901
2022-638-FA,T4_2B,22-638FA_42,2022-08-08,yes,22:26:00,48.152061,-123.561562,Grab,0.00,56.43,0.00,0.00,10.10,0.00,0.00,1.29,1.16,2.33,2.35,1.39,1.19,0.87,1.09,1.44,2.16,1.81,2.25,2.49,2.51,2.25,1.77,1.24,0.79,0.48,0.30,0.20,0.15,0.11,0.08,0.06,0.04,0.03,0.03,0.04,0.05,0.05,0.06,0.06,0.07,0.09,0.10,0.11,0.11,0.11,0.10,0.09,0.08,0.08,0.06,0.06,0.05,0.05,0.04,0.04,0.03,0.03,0.02,0.02,0.01,0.01,0.00,0.00,0.00,76.25,22.08,1.18,0.49,1.67,3.453,18.661,2.427,45.296,13.216,45.635,-3.978,-3.956,-3.929,-3.889,-3.778,-1.260,0.296,0.915,1.521,0.3485,0.5305,0.8143,2.3953,13.7225,14.8175,15.2328,15.5161,15.7562,-3.778,-2.470,1.890,0.928,0.857,-3.778,-1.816,2.113,0.929,1.207,0.301,13.722,8.606,2.487,0.188,0.414,-2.405,5.297,5.154,2.270,1.894,7.452
2022-638-FA,T4_2,22-638FA_43,2022-08-08,yes,22:30:00,48.151326,-123.561308,Grab,0.00,0.00,0.00,0.00,0.00,0.00,0.00,0.00,0.00,0.00,0.00,0.77,0.66,1.20,2.56,4.46,7.84,8.71,11.83,13.69,13.78,11.65,8.39,5.20,2.86,1.46,0.72,0.36,0.20,0.12,0.08,0.06,0.05,0.04,0.04,0.05,0.08,0.08,0.09,0.11,0.13,0.17,0.20,0.22,0.23,0.23,0.22,0.20,0.19,0.17,0.14,0.13,0.12,0.11,0.10,0.09,0.07,0.06,0.04,0.03,0.02,0.01,0.00,0.00,0.00,1.43,95.22,2.27,1.08,3.36,0.015,41.868,2.103,88.049,28.376,0.426,-0.511,-0.236,-0.035,0.218,0.721,1.204,1.453,1.712,2.236,0.2123,0.3052,0.3653,0.4341,0.6065,0.8597,1.0249,1.1776,1.4251,0.721,0.713,0.788,0.043,1.142,0.721,0.709,0.744,-0.017,0.190,0.846,0.607,0.647,1.407,1.014,0.244,0.895,0.538,2.043,1.429,3.491,19.040
2022-638-FA,T6_1,22-638FA_44,2022-08-08,yes,22:37:00,48.153653,-123.55722,Grab,27.38,0.00,28.73,4.32,0.85,8.85,6.41,5.49,5.33,3.29,1.47,1.29,1.35,1.26,0.78,0.77,0.67,0.23,0.22,0.19,0.16,0.13,0.10,0.07,0.06,0.05,0.04,0.04,0.04,0.03,0.03,0.02,0.02,0.02,0.01,0.01,0.01,0.01,0.01,0.01,0.01,0.02,0.02,0.02,0.02,0.02,0.01,0.01,0.01,0.01,0.01,0.01,0.01,0.01,0.01,0.01,0.01,0.01,0.00,0.00,0.00,0.00,0.00,0.00,0.00,94.76,4.92,0.24,0.08,0.32,19.254,20.576,2.997,61.665,15.428,297.054,-4.000,-4.000,-4.000,-4.000,-2.858,-2.561,-2.156,-1.801,-0.953,1.9356,3.4855,4.4582,5.9011,7.2505,16.0000,16.0000,16.0000,16.0000,-2.858,-3.005,0.923,0.006,0.868,-2.858,-3.078,0.922,-0.239,0.414,0.653,7.251,10.951,1.647,1.796,0.403,-3.075,8.428,1.397,1.182,3.203,23.100
2022-638-FA,T6_2,22-638FA_45,2022-08-08,yes,22:41:00,48.152701,-123.55703,Grab,0.00,0.00,0.00,0.00,0.00,0.00,0.00,0.00,0.00,0.42,0.00,0.32,1.21,0.72,1.20,3.46,6.61,8.60,12.25,14.95,15.78,13.65,9.56,5.31,2.36,0.90,0.38,0.21,0.12,0.08,0.05,0.04,0.03,0.03,0.03,0.04,0.05,0.05,0.05,0.06,0.07,0.09,0.10,0.11,0.11,0.12,0.11,0.10,0.09,0.08,0.07,0.07,0.07,0.07,0.07,0.06,0.05,0.02,0.01,0.00,0.00,0.00,0.00,0.00,0.00,1.95,96.27,1.20,0.58,1.78,0.020,80.524,2.046,164.779,54.091,1.096,-0.376,-0.126,0.067,0.308,0.754,1.175,1.375,1.557,1.847,0.2780,0.3398,0.3856,0.4429,0.5928,0.8077,0.9546,1.0915,1.2974,0.754,0.732,0.664,-0.034,1.051,0.754,0.721,0.654,-0.051,-0.029,0.699,0.593,0.625,1.350,1.018,0.243,0.817,0.568,1.256,1.121,3.802,26.971
2022-638-FA,T6_3,22-638FA_46,2022-08-08,yes,22:45:00,48.151801,-123.557114,Grab,0.00,21.28,0.00,4.39,6.81,3.04,1.19,2.81,1.70,2.99,1.83,1.23,1.04,1.22,1.87,3.09,5.00,5.83,7.30,7.72,6.84,5.04,3.08,1.61,0.79,0.41,0.23,0.13,0.08,0.06,0.04,0.03,0.03,0.02,0.02,0.03,0.03,0.04,0.04,0.04,0.05,0.07,0.08,0.08,0.08,0.08,0.08,0.07,0.07,0.06,0.05,0.05,0.04,0.04,0.04,0.03,0.03,0.02,0.01,0.01,0.01,0.00,0.00,0.00,0.00,48.31,50.41,0.88,0.40,1.28,0.958,57.122,2.227,127.212,39.421,37.781,-3.941,-3.883,-3.812,-2.807,-0.679,0.580,0.884,1.138,1.474,0.3599,0.4545,0.5418,0.6690,1.6011,6.9983,14.0457,14.7489,15.3617,-0.679,-1.202,1.995,-0.270,0.655,-0.679,-1.464,2.348,-0.334,-0.236,0.153,1.601,3.834,3.234,1.826,0.221,-1.161,2.235,4.852,2.203,0.617,4.288
2022-638-FA,T6_3 duplicate,22-638FA_47,2022-08-08,yes,22:45:00,48.151801,-123.557114,Grab,0.00,0.00,14.35,16.14,7.16,0.00,1.65,1.60,2.40,1.12,2.32,0.98,0.58,0.82,0.98,2.34,4.44,5.65,7.38,8.05,7.38,5.51,3.46,1.87,0.97,0.52,0.29,0.17,0.11,0.08,0.06,0.05,0.04,0.03,0.03,0.04,0.05,0.05,0.05,0.05,0.06,0.07,0.09,0.09,0.10,0.10,0.09,0.09,0.08,0.07,0.06,0.06,0.05,0.05,0.05,0.05,0.04,0.02,0.01,0.01,0.01,0.00,0.00,0.00,0.00,48.31,50.15,1.06,0.48,1.54,0.963,47.435,2.193,104.047,32.581,31.389,-2.039,-2.633,-3.472,-3.328,-0.526,0.662,0.955,1.211,1.589,0.3323,0.4320,0.5157,0.6321,1.4395,10.0449,11.0940,6.2046,4.1099,-0.526,-1.014,1.657,-0.083,0.373,-0.526,-1.258,2.213,-0.331,0.136,-0.180,1.440,5.339,3.986,3.064,0.815,-1.075,2.107,4.969,2.229,0.755,4.474
2022-638-FA,T8_1,22-638FA_48,2022-08-08,yes,22:51:00,48.154521,-123.551795,Grab,58.88,0.00,7.27,8.54,12.37,5.55,0.70,0.00,0.97,1.09,0.79,0.50,0.55,0.40,0.49,0.37,0.35,0.20,0.18,0.14,0.11,0.08,0.06,0.04,0.04,0.04,0.03,0.03,0.03,0.02,0.02,0.01,0.01,0.01,0.00,0.01,0.01,0.01,0.01,0.01,0.01,0.01,0.01,0.01,0.01,0.01,0.01,0.01,0.01,0.01,0.01,0.01,0.00,0.00,0.00,0.00,0.00,0.00,0.00,0.00,0.00,0.00,0.00,0.00,0.00,97.20,2.64,0.11,0.05,0.16,36.884,23.879,2.242,53.532,16.513,609.063,-4.000,-4.000,-4.000,-4.000,-4.000,-3.243,-3.053,-2.872,-1.833,3.5626,7.3188,8.3018,9.4660,16.0000,16.0000,16.0000,16.0000,16.0000,-4.000,-3.684,0.565,1.000,1.173,-4.000,-3.527,0.473,1.000,2.289,1.289,16.000,12.733,1.300,0.592,0.376,-3.525,11.508,0.874,0.935,4.752,41.762
2022-638-FA,T8_2,22-638FA_49,2022-08-08,yes,22:56:00,48.152886,-123.552291,Grab,0.00,0.00,0.00,0.00,0.00,0.00,0.00,0.00,0.00,0.00,0.00,0.42,0.38,0.25,0.67,2.60,5.93,8.81,12.98,16.25,17.11,14.42,9.71,5.09,2.08,0.76,0.38,0.26,0.16,0.08,0.05,0.04,0.03,0.03,0.03,0.04,0.05,0.05,0.05,0.05,0.06,0.08,0.09,0.10,0.10,0.10,0.09,0.09,0.08,0.07,0.06,0.06,0.06,0.05,0.05,0.05,0.03,0.02,0.01,0.01,0.01,0.00,0.00,0.00,0.00,0.80,97.65,1.08,0.48,1.56,0.008,90.468,2.257,204.213,62.694,0.512,-0.208,-0.005,0.176,0.378,0.777,1.168,1.357,1.523,1.795,0.2882,0.3480,0.3905,0.4450,0.5835,0.7694,0.8851,1.0035,1.1548,0.777,0.770,0.599,-0.001,1.039,0.777,0.766,0.590,-0.018,0.028,0.696,0.584,0.607,1.315,1.006,0.247,0.850,0.555,1.041,1.020,4.323,32.505
2022-638-FA,T8_3,22-638FA_50,2022-08-08,yes,23:00:00,48.151986,-123.552451,Grab,0.00,0.00,0.00,0.00,0.00,0.00,0.00,0.00,0.00,0.00,0.00,0.00,0.00,0.09,0.03,0.65,2.61,5.54,9.48,13.57,16.50,16.40,13.47,9.04,5.01,2.34,1.04,0.54,0.33,0.21,0.11,0.07,0.05,0.03,0.03,0.05,0.06,0.08,0.08,0.10,0.12,0.16,0.18,0.20,0.20,0.20,0.19,0.17,0.16,0.14,0.12,0.11,0.10,0.09,0.08,0.07,0.06,0.05,0.03,0.03,0.02,0.01,0.00,0.00,0.00,0.00,97.07,2.02,0.91,2.93,0.000,47.935,2.226,106.701,33.076,0.000,0.097,0.286,0.451,0.635,1.025,1.439,1.655,1.878,2.313,0.2013,0.2721,0.3175,0.3688,0.4914,0.6441,0.7314,0.8199,0.9348,1.025,1.044,0.637,0.105,1.129,1.025,1.053,0.602,0.047,0.299,0.840,0.491,0.506,1.321,0.984,0.251,1.203,0.434,1.539,1.241,4.087,24.062
2022-638-FA,T8_4,22-638FA_51,2022-08-08,yes,23:02:00,48.15146,-123.552517,Grab,0.00,0.00,0.00,0.00,0.00,0.00,0.00,0.00,0.00,0.00,0.00,0.00,0.00,0.09,0.64,2.74,6.48,10.86,15.76,18.69,17.52,12.63,6.96,2.89,1.06,0.58,0.44,0.27,0.12,0.06,0.04,0.03,0.02,0.02,0.02,0.03,0.04,0.05,0.05,0.06,0.08,0.10,0.12,0.13,0.14,0.14,0.14,0.13,0.12,0.11,0.10,0.09,0.08,0.08,0.07,0.06,0.05,0.04,0.02,0.02,0.01,0.01,0.00,0.00,0.00,0.00,97.88,1.37,0.75,2.12,0.000,71.236,1.833,130.568,46.090,0.000,-0.166,0.001,0.157,0.327,0.686,1.043,1.222,1.412,1.725,0.3024,0.3758,0.4288,0.4852,0.6216,0.7974,0.8968,0.9991,1.1221,0.686,0.688,0.553,0.053,1.082,0.686,0.689,0.532,0.007,0.176,0.777,0.622,0.641,1.282,1.001,0.250,0.821,0.566,1.299,1.140,4.823,32.518
2022-638-FA,T10_5,22-638FA_52,2022-08-08,yes,23:08:00,48.150747,-123.548529,Grab,0.00,0.00,0.00,0.00,0.00,0.00,0.00,0.00,0.00,0.00,0.00,0.13,0.33,0.25,0.18,0.14,0.34,0.72,1.43,2.59,4.70,7.61,10.96,13.91,15.05,13.62,10.29,6.37,3.49,1.82,0.96,0.50,0.25,0.13,0.09,0.10,0.12,0.13,0.13,0.15,0.19,0.24,0.27,0.29,0.29,0.28,0.26,0.24,0.22,0.19,0.16,0.14,0.13,0.12,0.11,0.10,0.08,0.07,0.05,0.04,0.03,0.01,0.00,0.00,0.00,0.46,95.19,3.13,1.23,4.35,0.005,30.454,2.552,77.705,21.879,0.105,0.663,0.969,1.185,1.412,1.867,2.323,2.566,2.845,3.550,0.0854,0.1392,0.1688,0.1998,0.2741,0.3757,0.4398,0.5108,0.6314,1.867,1.873,0.783,0.089,1.299,1.867,1.876,0.691,0.012,0.347,1.090,0.274,0.288,1.371,0.999,0.237,2.027,0.245,1.781,1.335,2.921,15.556
2022-638-FA,T10_4,22-638FA_53,2022-08-08,yes,23:13:00,48.15111,-123.548209,Grab,0.00,0.00,0.00,0.00,0.00,0.00,0.00,0.00,0.00,0.00,0.00,0.00,0.00,0.12,0.03,0.09,0.19,0.46,0.97,1.98,3.92,6.56,9.81,13.12,15.16,14.77,12.05,8.06,4.66,2.44,1.21,0.60,0.30,0.15,0.10,0.10,0.10,0.10,0.10,0.11,0.14,0.17,0.20,0.21,0.22,0.21,0.21,0.19,0.17,0.15,0.13,0.12,0.11,0.11,0.10,0.09,0.07,0.05,0.03,0.03,0.02,0.01,0.00,0.00,0.00,0.00,96.47,2.48,1.05,3.53,0.000,38.915,2.366,92.092,27.355,0.000,0.845,1.102,1.301,1.519,1.964,2.413,2.647,2.893,3.376,0.0963,0.1346,0.1597,0.1877,0.2563,0.3488,0.4058,0.4659,0.5567,1.964,1.971,0.720,0.065,1.160,1.964,1.974,0.673,0.014,0.217,0.880,0.256,0.268,1.363,0.997,0.243,2.102,0.233,1.438,1.199,3.259,18.606
2022-638-FA,T10_3,22-638FA_54,2022-08-08,yes,23:16:00,48.151799,-123.547492,Grab,0.00,0.00,0.00,0.00,0.00,0.00,0.00,0.00,0.00,0.00,0.00,0.00,0.00,0.00,0.05,0.00,0.08,0.67,1.99,4.30,8.11,12.40,15.86,16.73,14.52,10.19,5.71,2.50,1.04,0.53,0.34,0.21,0.12,0.07,0.07,0.09,0.11,0.13,0.13,0.16,0.20,0.25,0.29,0.31,0.32,0.31,0.30,0.27,0.24,0.22,0.19,0.16,0.15,0.13,0.12,0.11,0.09,0.07,0.05,0.04,0.03,0.02,0.00,0.00,0.00,0.00,95.37,3.25,1.38,4.63,0.000,29.357,2.349,68.961,20.591,0.000,0.658,0.861,1.020,1.208,1.603,2.007,2.227,2.472,3.471,0.0902,0.1803,0.2135,0.2488,0.3293,0.4330,0.4932,0.5506,0.6337,1.603,1.617,0.728,0.182,1.442,1.603,1.624,0.604,0.035,0.765,1.329,0.329,0.341,1.319,0.994,0.249,1.832,0.281,1.857,1.363,3.529,17.654
2022-638-FA,T10_2,22-638FA_55,2022-08-08,yes,23:19:00,48.15247,-123.547032,Grab,0.00,0.00,0.00,0.00,0.00,0.00,0.00,0.00,0.97,0.00,0.00,0.63,0.00,0.16,0.72,1.73,4.51,6.46,10.08,13.44,15.68,15.12,11.95,7.66,3.94,1.72,0.78,0.46,0.28,0.16,0.08,0.05,0.04,0.03,0.03,0.05,0.07,0.09,0.09,0.11,0.14,0.18,0.21,0.23,0.23,0.23,0.22,0.20,0.19,0.17,0.14,0.13,0.11,0.11,0.10,0.09,0.07,0.06,0.04,0.03,0.02,0.01,0.00,0.00,0.00,1.60,95.03,2.30,1.08,3.38,0.017,41.311,2.136,88.240,28.138,0.473,-0.182,0.058,0.275,0.495,0.936,1.366,1.582,1.804,2.324,0.1997,0.2863,0.3341,0.3881,0.5226,0.7095,0.8264,0.9608,1.1346,0.936,0.931,0.706,0.048,1.180,0.936,0.928,0.653,-0.012,0.207,0.918,0.523,0.549,1.352,1.008,0.238,1.088,0.471,1.942,1.394,3.394,19.268
2022-638-FA,T10_1,22-638FA_56,2022-08-08,yes,23:22:00,48.153883,-123.54597,Grab,49.46,0.00,25.92,6.42,2.41,1.41,2.19,2.27,2.89,1.18,1.26,1.08,0.66,0.26,0.24,0.20,0.21,0.11,0.12,0.12,0.13,0.14,0.13,0.13,0.14,0.13,0.11,0.09,0.07,0.06,0.04,0.03,0.03,0.02,0.02,0.02,0.02,0.02,0.02,0.02,0.02,0.02,0.02,0.02,0.02,0.02,0.02,0.01,0.01,0.01,0.01,0.01,0.01,0.01,0.01,0.01,0.01,0.00,0.00,0.00,0.00,0.00,0.00,0.00,0.00,97.16,2.49,0.28,0.07,0.35,39.053,8.816,3.931,34.655,7.028,274.471,-4.000,-4.000,-4.000,-4.000,-1.873,-3.450,-3.024,-2.259,-1.580,2.9900,4.7862,8.1333,10.9275,3.6623,16.0000,16.0000,16.0000,16.0000,-1.873,-2.966,0.611,-2.058,1.803,-1.873,-3.512,0.488,-3.358,-1.879,1.479,3.662,13.464,1.210,13.036,0.226,-3.444,10.882,1.279,1.131,4.650,34.559
2022-638-FA,T12_1,22-638FA_57,2022-08-08,yes,23:32:00,48.154548,-123.540359,Grab,0.00,0.00,0.00,0.00,0.00,0.00,0.00,0.00,0.00,0.00,0.09,0.12,0.18,0.14,0.14,0.89,3.25,6.11,10.28,14.20,16.75,16.16,13.03,8.66,4.73,2.13,0.83,0.34,0.18,0.11,0.06,0.03,0.03,0.02,0.02,0.03,0.04,0.04,0.04,0.05,0.06,0.07,0.09,0.09,0.10,0.10,0.10,0.09,0.08,0.08,0.07,0.06,0.06,0.06,0.06,0.05,0.04,0.03,0.02,0.01,0.01,0.00,0.00,0.00,0.00,0.39,98.04,1.02,0.54,1.56,0.004,96.023,1.889,181.393,62.786,0.252,0.010,0.224,0.392,0.576,0.971,1.379,1.575,1.750,2.030,0.2449,0.2973,0.3356,0.3845,0.5101,0.6708,0.7622,0.8562,0.9929,0.971,0.979,0.602,0.035,1.031,0.971,0.984,0.592,0.021,0.083,0.706,0.510,0.528,1.321,0.991,0.256,1.059,0.480,1.029,1.014,4.369,32.845
2022-638-FA,T12_2,22-638FA_58,2022-08-08,yes,23:37:00,48.151582,-123.542115,Grab,0.00,0.00,0.00,0.00,0.00,0.00,0.00,0.00,0.00,0.00,0.00,0.08,0.68,0.07,0.12,0.33,0.97,1.50,2.94,5.25,9.24,13.82,17.11,16.91,13.43,8.22,3.78,1.33,0.57,0.39,0.27,0.16,0.09,0.06,0.06,0.07,0.08,0.09,0.09,0.10,0.12,0.15,0.17,0.18,0.18,0.17,0.16,0.15,0.13,0.12,0.11,0.10,0.09,0.09,0.08,0.07,0.06,0.04,0.02,0.02,0.01,0.01,0.00,0.00,0.00,0.76,96.49,1.95,0.80,2.75,0.008,49.396,2.452,121.096,35.085,0.276,0.381,0.677,0.880,1.081,1.473,1.862,2.046,2.229,2.601,0.1648,0.2133,0.2422,0.2751,0.3602,0.4728,0.5434,0.6254,0.7679,1.473,1.466,0.628,-0.001,1.164,1.473,1.463,0.583,-0.018,0.031,0.904,0.360,0.374,1.311,1.003,0.240,1.574,0.336,1.341,1.158,3.573,22.478
2022-638-FA,T12_3,22-638FA_59,2022-08-08,yes,23:41:00,48.150294,-123.542998,Grab,0.00,0.00,0.00,0.00,0.00,0.00,0.00,0.00,0.00,0.00,0.00,0.00,0.10,0.18,0.09,0.35,0.48,1.02,2.16,4.25,8.20,12.94,16.30,16.40,13.33,8.77,5.00,2.78,1.69,0.99,0.50,0.22,0.11,0.07,0.06,0.07,0.09,0.10,0.10,0.12,0.16,0.21,0.24,0.27,0.28,0.27,0.27,0.24,0.22,0.20,0.18,0.16,0.15,0.14,0.13,0.12,0.10,0.08,0.05,0.04,0.03,0.02,0.00,0.00,0.00,0.10,95.75,2.77,1.38,4.16,0.001,34.529,2.005,69.224,23.038,0.023,0.549,0.805,0.984,1.173,1.563,1.985,2.234,2.538,3.244,0.1055,0.1722,0.2126,0.2525,0.3384,0.4435,0.5057,0.5722,0.6834,1.563,1.594,0.721,0.160,1.359,1.563,1.609,0.625,0.073,0.534,1.156,0.338,0.348,1.325,0.978,0.239,1.782,0.291,1.852,1.361,3.433,17.814
2022-638-FA,T12_4,22-638FA_60,2022-08-08,yes,23:45:00,48.149888,-123.544011,Grab,0.00,0.00,0.00,0.00,0.00,0.00,0.00,0.00,0.00,0.00,0.00,0.00,0.00,0.00,0.00,0.07,0.16,0.62,1.48,3.00,5.77,9.32,12.77,14.76,14.57,12.02,8.32,4.95,2.83,1.64,0.95,0.52,0.24,0.12,0.08,0.10,0.13,0.15,0.16,0.19,0.25,0.32,0.37,0.40,0.41,0.40,0.39,0.35,0.32,0.29,0.25,0.22,0.19,0.18,0.16,0.15,0.12,0.10,0.08,0.06,0.04,0.02,0.01,0.00,0.00,0.00,93.99,4.14,1.87,6.01,0.000,22.716,2.212,50.242,15.643,0.000,0.733,0.967,1.148,1.350,1.787,2.263,2.555,2.940,5.829,0.0176,0.1303,0.1702,0.2083,0.2898,0.3922,0.4512,0.5116,0.6017,1.787,1.830,1.124,0.339,2.287,1.787,1.852,0.703,0.092,2.124,2.622,0.290,0.300,1.372,0.973,0.241,2.083,0.236,2.288,1.513,3.018,13.483
2022-638-FA,T12_5,22-638FA_61,2022-08-08,yes,23:48:00,48.14936,-123.544102,Grab,33.24,0.00,0.00,0.00,0.00,0.00,0.00,0.00,0.00,0.00,0.00,0.03,0.00,0.01,0.00,0.01,0.05,0.34,0.88,1.79,3.43,5.63,8.01,9.98,10.50,9.32,6.89,4.16,2.18,1.04,0.49,0.24,0.13,0.08,0.06,0.06,0.06,0.06,0.05,0.06,0.07,0.08,0.09,0.10,0.10,0.09,0.09,0.08,0.07,0.07,0.06,0.05,0.05,0.05,0.05,0.04,0.03,0.02,0.01,0.01,0.01,0.00,0.00,0.00,0.00,33.27,65.09,1.19,0.45,1.64,0.511,54.865,2.622,143.832,39.716,20.303,-4.000,-4.000,-4.000,-4.000,1.404,2.030,2.278,2.496,2.829,0.1407,0.1773,0.2062,0.2448,0.3779,16.0000,16.0000,16.0000,16.0000,1.404,-0.106,2.604,-0.652,0.464,1.404,-0.861,3.139,-0.722,-0.634,0.088,0.378,8.122,8.084,27.435,0.498,-0.042,1.029,8.536,2.922,-0.339,2.040
2022-638-FA,T14_1,22-638FA_62,2022-08-08,yes,23:55:00,48.151803,-123.53557,Grab,0.00,38.98,0.00,0.00,11.64,0.00,3.91,7.06,3.49,2.41,3.75,2.10,1.31,0.77,0.95,0.75,0.53,0.30,0.40,0.57,0.94,1.50,2.22,2.86,3.12,2.86,2.18,1.37,0.79,0.45,0.27,0.16,0.10,0.06,0.05,0.05,0.07,0.07,0.07,0.08,0.10,0.12,0.14,0.14,0.15,0.14,0.14,0.12,0.11,0.10,0.09,0.07,0.07,0.06,0.05,0.05,0.04,0.04,0.03,0.02,0.02,0.01,0.00,0.00,0.00,74.65,23.10,1.61,0.65,2.26,3.232,14.351,2.492,35.766,10.241,33.103,-3.968,-3.936,-3.897,-3.840,-2.851,-0.891,1.539,2.038,2.568,0.1686,0.2436,0.3441,1.8542,7.2152,14.3168,14.9013,15.3042,15.6482,-2.851,-1.736,2.349,0.637,0.908,-2.851,-1.179,2.718,0.615,0.791,0.202,7.215,8.086,2.779,0.510,0.414,-1.853,3.613,6.619,2.573,1.517,5.246
2022-638-FA,T14_2,22-638FA_63,2022-08-09,yes,0:01:00,48.150077,-123.53745,Grab,91.51,2.56,0.00,1.23,0.00,0.33,1.23,0.42,0.95,0.15,0.30,0.27,0.13,0.03,0.05,0.04,0.03,0.02,0.02,0.02,0.02,0.03,0.04,0.05,0.07,0.08,0.07,0.06,0.04,0.03,0.02,0.01,0.01,0.01,0.01,0.01,0.01,0.01,0.01,0.01,0.01,0.01,0.01,0.01,0.01,0.01,0.01,0.01,0.01,0.01,0.01,0.00,0.00,0.00,0.00,0.00,0.00,0.00,0.00,0.00,0.00,0.00,0.00,0.00,0.00,99.09,0.74,0.13,0.04,0.17,133.893,5.728,3.191,18.280,4.362,583.987,-4.000,-4.000,-4.000,-4.000,-4.000,-4.000,-4.000,-4.000,-2.573,5.9512,16.0000,16.0000,16.0000,16.0000,16.0000,16.0000,16.0000,16.0000,-4.000,-4.000,0.216,0.500,0.000,-4.000,-4.000,0.000,0.000,0.000,0.000,16.000,16.000,1.000,1.000,0.000,-3.863,14.553,0.554,0.745,9.186,111.995
2022-638-FA,T14_3,22-638FA_64,2022-08-09,yes,0:07:00,48.14916,-123.538524,Grab,99.97,0.00,0.00,0.00,0.00,0.00,0.00,0.00,0.00,0.00,0.00,0.00,0.00,0.00,0.00,0.00,0.00,0.00,0.00,0.00,0.00,0.00,0.00,0.00,0.00,0.00,0.00,0.00,0.00,0.00,0.00,0.00,0.00,0.00,0.00,0.00,0.00,0.00,0.00,0.00,0.00,0.00,0.00,0.00,0.00,0.00,0.00,0.00,0.00,0.00,0.00,0.00,0.00,0.00,0.00,0.00,0.00,0.00,0.00,0.00,0.00,0.00,0.00,0.00,0.00,99.97,0.03,0.00,0.00,0.00,3961.858,51.493,4.340,223.499,41.850,165805.657,-4.000,-4.000,-4.000,-4.000,-4.000,-4.000,-4.000,-4.000,-4.000,16.0000,16.0000,16.0000,16.0000,16.0000,16.0000,16.0000,16.0000,16.0000,-4.000,-4.000,0.000,0.000,0.000,-4.000,-4.000,0.000,0.000,0.000,0.000,16.000,16.000,1.000,1.000,0.000,-3.999,15.985,0.007,0.085,71.818,5788.005
2022-638-FA,T14_4,22-638FA_65,2022-08-09,yes,0:11:00,48.148661,-123.53897,Grab,97.77,1.07,0.52,0.00,0.25,0.08,0.07,0.00,0.00,0.04,0.02,0.01,0.01,0.01,0.01,0.01,0.01,0.01,0.01,0.01,0.01,0.01,0.01,0.01,0.01,0.01,0.01,0.01,0.01,0.00,0.00,0.00,0.00,0.00,0.00,0.00,0.00,0.00,0.00,0.00,0.00,0.00,0.00,0.00,0.00,0.00,0.00,0.00,0.00,0.00,0.00,0.00,0.00,0.00,0.00,0.00,0.00,0.00,0.00,0.00,0.00,0.00,0.00,0.00,0.00,99.85,0.13,0.01,0.00,0.02,752.606,9.905,2.975,29.465,7.413,5579.107,-4.000,-4.000,-4.000,-4.000,-4.000,-4.000,-4.000,-4.000,-4.000,16.0000,16.0000,16.0000,16.0000,16.0000,16.0000,16.0000,16.0000,16.0000,-4.000,-4.000,0.000,0.000,0.000,-4.000,-4.000,0.000,0.000,0.000,0.000,16.000,16.000,1.000,1.000,0.000,-3.982,15.804,0.065,0.256,26.956,935.747
2022-638-FA,T14_5,22-638FA_66,2022-08-09,yes,0:16:00,48.147956,-123.539518,Grab,0.00,0.00,0.00,0.00,0.00,0.00,0.00,0.00,0.00,0.00,0.00,0.00,0.00,0.00,0.00,0.02,0.08,0.22,0.52,1.07,1.92,2.93,4.59,7.66,11.72,15.15,16.20,13.92,9.54,5.24,2.32,0.94,0.45,0.28,0.18,0.14,0.14,0.14,0.14,0.16,0.19,0.25,0.30,0.33,0.34,0.33,0.32,0.30,0.27,0.25,0.21,0.19,0.17,0.16,0.15,0.14,0.12,0.10,0.07,0.06,0.04,0.02,0.01,0.00,0.00,0.00,94.49,3.82,1.69,5.51,0.000,24.746,2.264,56.023,17.164,0.000,1.113,1.439,1.668,1.892,2.318,2.732,2.959,3.211,4.570,0.0421,0.1080,0.1286,0.1505,0.2006,0.2694,0.3146,0.3689,0.4622,2.318,2.315,0.846,0.149,1.687,2.318,2.313,0.645,-0.006,0.813,1.679,0.201,0.210,1.338,1.007,0.228,2.499,0.177,1.797,1.340,3.058,15.108
2022-638-FA,T14_5 duplicate,22-638FA_67,2022-08-09,yes,0:16:00,48.147956,-123.539518,Grab,0.00,0.00,0.00,0.00,0.00,0.00,0.00,0.00,0.00,0.00,0.00,0.54,0.00,0.00,0.00,0.05,0.17,0.25,0.53,1.04,1.81,2.61,3.96,6.78,10.81,14.54,15.94,14.18,9.99,5.66,2.60,1.08,0.52,0.31,0.20,0.16,0.17,0.17,0.18,0.20,0.25,0.33,0.39,0.43,0.45,0.44,0.42,0.39,0.35,0.31,0.27,0.24,0.21,0.19,0.18,0.16,0.14,0.12,0.09,0.07,0.05,0.03,0.01,0.00,0.00,0.54,92.53,4.84,2.09,6.93,0.006,19.119,2.321,44.369,13.362,0.078,1.067,1.449,1.700,1.932,2.364,2.794,3.034,3.354,6.221,0.0134,0.0978,0.1221,0.1442,0.1942,0.2621,0.3078,0.3662,0.4774,2.364,2.366,1.114,0.250,2.451,2.364,2.367,0.667,0.004,1.919,2.865,0.194,0.203,1.348,1.002,0.220,2.581,0.167,2.214,1.488,2.580,12.054
2022-638-FA,T2_5,22-638FA_68,2022-08-09,yes,14:32:00,48.149346,-123.564779,Surface,0.00,0.00,0.00,0.00,0.00,0.00,0.00,0.00,0.00,0.00,0.65,0.55,0.30,0.64,0.62,1.14,3.05,3.54,5.13,6.56,7.96,9.24,10.51,11.64,11.64,10.13,7.34,4.20,1.95,0.77,0.31,0.16,0.09,0.05,0.04,0.04,0.04,0.05,0.05,0.05,0.06,0.08,0.10,0.11,0.11,0.11,0.11,0.10,0.09,0.09,0.08,0.08,0.08,0.08,0.07,0.07,0.05,0.04,0.02,0.02,0.01,0.01,0.00,0.00,0.00,1.49,96.62,1.19,0.69,1.88,0.015,81.083,1.723,139.686,51.303,0.793,-0.120,0.219,0.517,0.846,1.503,2.046,2.274,2.478,2.769,0.1467,0.1795,0.2068,0.2422,0.3529,0.5564,0.6990,0.8591,1.0867,1.503,1.431,0.877,-0.123,0.987,1.503,1.395,0.879,-0.123,-0.203,0.644,0.353,0.399,1.516,1.082,0.231,1.490,0.356,1.497,1.224,2.256,16.280
2022-638-FA,T1_6,22-638FA_69,2022-08-09,yes,14:40:00,48.148719,-123.56643,Surface,42.29,11.40,5.46,0.00,8.47,4.98,4.41,3.06,2.81,2.02,1.62,1.32,1.18,1.15,1.24,1.26,1.31,0.77,0.84,0.81,0.75,0.67,0.57,0.45,0.32,0.20,0.11,0.06,0.04,0.03,0.02,0.02,0.01,0.01,0.01,0.01,0.01,0.01,0.01,0.01,0.01,0.02,0.02,0.02,0.02,0.02,0.02,0.02,0.02,0.02,0.01,0.01,0.01,0.01,0.01,0.01,0.01,0.01,0.00,0.00,0.00,0.00,0.00,0.00,0.00,89.01,10.64,0.24,0.11,0.35,8.368,44.530,2.167,96.499,30.470,254.979,-4.000,-4.000,-4.000,-4.000,-3.833,-2.614,-1.864,-0.786,0.330,0.7953,1.7240,3.6407,6.1214,14.2528,16.0000,16.0000,16.0000,16.0000,-3.833,-3.232,1.190,0.883,1.280,-3.833,-2.932,1.068,0.844,1.871,1.028,14.253,11.061,1.617,0.482,0.346,-3.025,8.138,2.334,1.528,2.446,12.036
2022-638-FA,T0_5,22-638FA_70,2022-08-09,yes,14:48:00,48.147256,-123.569125,Surface,48.14,0.00,0.00,0.00,3.92,0.00,2.55,1.44,2.03,1.00,1.04,1.13,0.79,0.79,1.06,1.57,3.02,3.41,4.79,5.66,5.63,4.55,3.03,1.66,0.78,0.34,0.17,0.09,0.06,0.04,0.03,0.02,0.02,0.01,0.01,0.02,0.03,0.03,0.03,0.04,0.04,0.06,0.07,0.07,0.08,0.08,0.08,0.07,0.07,0.06,0.06,0.05,0.05,0.05,0.04,0.04,0.03,0.03,0.02,0.01,0.01,0.00,0.00,0.00,0.00,62.04,36.72,0.79,0.45,1.24,1.689,46.411,1.760,81.700,29.597,50.004,-4.000,-4.000,-4.000,-4.000,-1.902,0.420,0.825,1.110,1.452,0.3655,0.4633,0.5645,0.7472,3.7365,16.0000,16.0000,16.0000,16.0000,-1.902,-1.692,2.032,0.180,0.505,-1.902,-1.588,2.412,0.130,0.260,0.130,3.736,8.374,4.628,0.856,0.491,-1.923,3.791,5.874,2.424,1.003,4.200
2022-638-FA,T0_4,22-638FA_71,2022-08-09,yes,14:50:00,48.147619,-123.569621,Surface,19.69,24.56,0.00,0.00,0.00,3.41,3.86,1.14,2.85,2.03,3.17,3.62,2.66,2.86,4.00,3.99,4.59,2.86,3.26,3.24,2.82,2.07,1.24,0.62,0.29,0.15,0.09,0.06,0.04,0.02,0.02,0.02,0.01,0.01,0.01,0.02,0.02,0.02,0.02,0.02,0.03,0.03,0.04,0.04,0.05,0.05,0.05,0.04,0.04,0.04,0.03,0.03,0.03,0.03,0.03,0.03,0.02,0.02,0.01,0.01,0.01,0.00,0.00,0.00,0.00,66.97,32.25,0.49,0.28,0.77,2.077,65.399,1.755,114.762,41.659,86.512,-4.000,-4.000,-4.000,-3.954,-2.594,-0.426,0.135,0.614,1.047,0.4841,0.6535,0.9108,1.3434,6.0372,15.5011,16.0000,16.0000,16.0000,-2.594,-2.153,1.798,0.381,0.586,-2.594,-1.933,2.067,0.320,0.540,0.221,6.037,8.422,3.397,0.571,0.461,-2.081,4.232,4.139,2.034,1.122,5.534
2022-638-FA,TW3_2,22-638FA_72,2022-08-09,yes,14:58:00,48.14594,-123.571432,Surface,74.02,0.00,8.00,0.00,1.09,0.32,0.72,2.27,0.51,0.76,0.41,0.85,0.88,0.95,1.43,1.72,1.76,0.94,0.89,0.70,0.50,0.34,0.23,0.16,0.11,0.08,0.05,0.03,0.02,0.02,0.01,0.01,0.01,0.01,0.01,0.01,0.01,0.01,0.01,0.01,0.01,0.01,0.01,0.01,0.01,0.01,0.01,0.01,0.01,0.01,0.01,0.01,0.01,0.01,0.01,0.01,0.01,0.00,0.00,0.00,0.00,0.00,0.00,0.00,0.00,89.82,9.95,0.15,0.08,0.23,9.028,64.638,2.035,131.518,43.338,391.272,-4.000,-4.000,-4.000,-4.000,-4.000,-1.885,-2.532,-0.952,-0.095,1.0680,1.9346,5.7834,3.6929,16.0000,16.0000,16.0000,16.0000,16.0000,-4.000,-3.511,0.959,1.000,0.757,-4.000,-3.266,0.734,1.000,2.660,1.660,16.000,9.846,2.082,0.231,0.437,-3.398,10.545,1.926,1.388,2.913,14.419
2022-638-FA,TW3_3,22-638FA_73,2022-08-09,yes,15:00:00,48.145876,-123.57112,Surface,10.78,30.90,0.00,5.69,2.28,3.84,5.15,3.96,4.20,3.69,5.08,3.89,2.87,2.48,2.84,2.56,2.36,1.11,1.10,0.94,0.76,0.62,0.50,0.41,0.34,0.27,0.19,0.14,0.10,0.08,0.06,0.04,0.03,0.02,0.02,0.02,0.02,0.02,0.02,0.02,0.03,0.03,0.04,0.04,0.05,0.05,0.04,0.04,0.04,0.03,0.03,0.03,0.02,0.02,0.02,0.02,0.02,0.01,0.01,0.01,0.01,0.00,0.00,0.00,0.00,82.33,16.92,0.51,0.24,0.75,4.866,33.130,2.110,69.918,22.479,109.382,-4.000,-4.000,-3.969,-3.905,-2.973,-1.525,-0.833,-0.271,0.558,0.6791,1.2067,1.7811,2.8776,7.8497,14.9760,15.6583,16.0000,16.0000,-2.973,-2.591,1.475,0.457,0.785,-2.973,-2.401,1.568,0.365,0.798,0.454,7.850,8.927,2.281,0.699,0.409,-2.487,5.607,3.074,1.753,1.991,10.337
2022-638-FA,T3_5,22-638FA_74,2022-08-09,yes,15:21:00,48.149534,-123.562561,Surface,0.00,0.00,9.81,0.00,2.66,0.00,0.00,0.00,0.28,0.76,1.07,0.19,0.62,0.68,1.64,3.50,6.58,7.42,10.10,11.98,12.45,10.89,7.99,4.85,2.51,1.15,0.51,0.24,0.13,0.08,0.05,0.03,0.03,0.02,0.02,0.03,0.04,0.04,0.04,0.05,0.06,0.08,0.09,0.11,0.11,0.12,0.12,0.11,0.10,0.09,0.08,0.08,0.07,0.07,0.07,0.06,0.05,0.03,0.02,0.01,0.01,0.00,0.00,0.00,0.00,15.39,82.81,1.14,0.66,1.79,0.186,72.774,1.733,126.120,46.147,8.578,-2.266,-1.623,-0.777,-0.085,0.604,1.122,1.354,1.568,1.898,0.2682,0.3372,0.3912,0.4595,0.6578,1.0605,1.7132,3.0793,4.8098,0.604,0.394,1.164,-0.337,1.415,0.604,0.289,1.065,-0.296,-0.740,0.954,0.658,0.760,1.519,1.126,0.110,0.253,0.839,3.418,1.849,0.217,7.639
2022-638-FA,T3_4,22-638FA_75,2022-08-09,yes,15:26:00,48.149866,-123.562412,Surface,0.00,0.00,0.00,0.00,0.00,0.00,0.00,0.00,0.00,0.00,0.00,0.13,0.18,0.19,0.68,2.14,4.99,6.74,10.31,13.59,15.71,15.23,12.24,8.22,4.53,2.09,0.90,0.43,0.26,0.15,0.09,0.05,0.03,0.02,0.02,0.02,0.03,0.03,0.03,0.03,0.04,0.05,0.06,0.06,0.07,0.07,0.06,0.06,0.06,0.05,0.05,0.05,0.05,0.05,0.05,0.05,0.04,0.02,0.01,0.00,0.00,0.00,0.00,0.00,0.00,0.31,98.57,0.71,0.42,1.12,0.003,139.706,1.693,236.556,87.833,0.278,-0.135,0.071,0.278,0.493,0.932,1.355,1.556,1.739,2.014,0.2476,0.2995,0.3401,0.3909,0.5242,0.7104,0.8246,0.9519,1.0980,0.932,0.922,0.645,-0.008,1.022,0.932,0.917,0.639,-0.023,0.012,0.682,0.524,0.551,1.348,1.011,0.245,0.982,0.506,0.914,0.956,3.940,31.987
2022-638-FA,T4_5,22-638FA_76,2022-08-09,yes,15:35:00,48.15011,-123.560252,Surface,0.00,0.00,0.00,0.00,0.00,0.00,0.00,0.00,0.00,0.00,0.00,0.00,0.00,0.00,0.00,0.22,1.04,2.31,4.18,6.48,8.91,10.22,9.96,8.91,7.61,6.31,5.18,4.34,3.65,2.94,2.18,1.48,0.95,0.64,0.52,0.53,0.57,0.58,0.57,0.60,0.66,0.73,0.77,0.78,0.76,0.71,0.66,0.58,0.52,0.45,0.38,0.34,0.30,0.27,0.25,0.24,0.20,0.17,0.13,0.10,0.07,0.04,0.01,0.00,0.00,0.00,86.86,10.17,2.97,13.14,0.000,8.544,3.419,29.207,6.610,0.000,0.355,0.601,0.807,1.050,1.689,2.712,3.448,5.387,7.157,0.0070,0.0239,0.0916,0.1527,0.3101,0.4831,0.5716,0.6595,0.7821,1.689,1.981,1.691,0.470,1.677,1.689,2.127,1.321,0.332,1.565,1.576,0.310,0.318,1.779,0.767,0.260,2.294,0.204,4.075,2.019,1.873,6.360
2022-638-FA,T4_4,22-638FA_77,2022-08-09,yes,15:40:00,48.150373,-123.560404,Surface,0.00,0.00,0.00,0.00,0.00,0.00,0.00,0.00,0.67,0.30,0.78,0.30,0.25,0.43,1.25,4.06,8.56,10.12,13.15,14.62,14.07,11.59,8.14,4.86,2.53,1.20,0.56,0.28,0.15,0.08,0.05,0.03,0.03,0.02,0.02,0.03,0.04,0.04,0.05,0.05,0.07,0.09,0.10,0.12,0.12,0.12,0.12,0.11,0.11,0.10,0.09,0.08,0.08,0.08,0.07,0.07,0.05,0.04,0.02,0.01,0.01,0.01,0.00,0.00,0.00,2.30,95.78,1.22,0.70,1.92,0.024,78.502,1.745,137.012,49.907,1.201,-0.394,-0.173,-0.010,0.212,0.678,1.139,1.366,1.584,1.928,0.2627,0.3335,0.3879,0.4540,0.6249,0.8635,1.0071,1.1272,1.3140,0.678,0.678,0.696,0.038,1.026,0.678,0.678,0.688,0.000,0.129,0.687,0.625,0.659,1.379,1.004,0.258,0.769,0.587,1.454,1.206,3.597,24.862
2022-638-FA,T4_3,22-638FA_78,2022-08-09,yes,15:44:00,48.150733,-123.560645,Surface,0.00,0.00,12.05,3.27,7.97,7.35,9.13,3.70,6.34,2.74,2.82,2.22,1.80,1.61,2.25,2.31,2.83,2.09,2.54,2.91,3.33,3.62,3.69,3.39,2.81,2.06,1.34,0.79,0.48,0.31,0.20,0.13,0.10,0.07,0.06,0.06,0.07,0.07,0.06,0.06,0.07,0.09,0.10,0.10,0.11,0.10,0.10,0.09,0.08,0.08,0.06,0.06,0.05,0.05,0.05,0.04,0.04,0.03,0.02,0.02,0.01,0.01,0.00,0.00,0.00,59.40,38.78,1.31,0.51,1.81,1.532,29.715,2.562,76.133,21.373,32.737,-2.122,-2.975,-3.217,-2.940,-1.984,0.672,1.327,1.753,2.279,0.2060,0.2967,0.3987,0.6276,3.9570,7.6740,9.2997,7.8619,4.3518,-1.984,-1.292,1.803,0.698,0.499,-1.984,-0.945,2.272,0.457,0.908,-0.031,3.957,4.151,3.497,0.308,0.466,-1.138,2.200,5.068,2.251,1.159,4.970
2022-638-FA,T5_3,22-638FA_79,2022-08-09,yes,15:49:00,48.15116,-123.558558,Surface,0.00,0.00,0.00,0.00,0.00,0.00,0.00,0.00,0.33,0.79,0.87,1.98,2.41,2.67,6.03,9.03,12.05,8.30,9.24,9.17,8.66,7.72,6.36,4.80,3.29,2.01,1.09,0.54,0.28,0.15,0.09,0.06,0.05,0.04,0.03,0.04,0.05,0.06,0.06,0.06,0.08,0.09,0.11,0.12,0.13,0.13,0.13,0.12,0.11,0.10,0.09,0.08,0.07,0.07,0.07,0.07,0.05,0.04,0.02,0.01,0.01,0.01,0.00,0.00,0.00,6.37,91.58,1.36,0.69,2.05,0.070,67.420,1.976,133.223,44.765,3.113,-1.134,-0.693,-0.469,-0.228,0.405,1.113,1.436,1.728,2.158,0.2240,0.3018,0.3695,0.4623,0.7552,1.1715,1.3843,1.6168,2.1940,0.405,0.457,0.975,0.074,1.006,0.405,0.484,0.953,0.082,0.112,0.727,0.755,0.817,1.592,0.950,0.270,0.544,0.686,1.875,1.369,2.783,17.125
2022-638-FA,T5_4,22-638FA_80,2022-08-09,yes,15:52:00,48.150849,-123.558424,Surface,0.00,0.00,8.91,7.03,2.12,0.00,2.89,2.97,0.89,0.77,1.32,1.30,1.20,1.17,2.26,3.48,5.43,4.72,5.92,6.79,7.78,8.09,7.47,5.99,4.13,2.43,1.25,0.60,0.32,0.18,0.11,0.07,0.06,0.05,0.04,0.05,0.07,0.07,0.07,0.07,0.09,0.10,0.12,0.13,0.14,0.14,0.14,0.13,0.12,0.11,0.10,0.09,0.08,0.07,0.07,0.07,0.07,0.06,0.05,0.03,0.01,0.00,0.00,0.00,0.00,29.40,68.25,1.54,0.81,2.35,0.431,44.236,1.911,84.517,29.038,12.507,-2.351,-3.460,-3.244,-1.938,0.406,1.248,1.561,1.838,2.242,0.2114,0.2798,0.3390,0.4209,0.7547,3.8330,9.4718,11.0041,5.1022,0.406,-0.426,1.897,-0.360,0.591,0.406,-0.841,2.402,-0.519,-0.192,-0.044,0.755,2.127,3.018,2.833,0.159,-0.103,1.074,4.973,2.230,0.468,5.033
2022-638-FA,T5_5,22-638FA_81,2022-08-09,yes,15:55:00,48.150448,-123.558117,Surface,10.54,0.00,3.11,6.98,1.72,1.99,4.16,3.13,4.58,5.00,4.62,6.03,4.33,3.99,5.04,5.37,5.87,3.56,3.62,3.34,3.00,2.59,2.01,1.43,0.93,0.54,0.29,0.16,0.10,0.07,0.05,0.04,0.04,0.03,0.03,0.04,0.04,0.04,0.04,0.05,0.06,0.07,0.09,0.10,0.10,0.11,0.11,0.10,0.10,0.09,0.08,0.07,0.06,0.06,0.05,0.05,0.05,0.05,0.04,0.03,0.01,0.01,0.00,0.00,0.00,56.20,42.03,1.12,0.65,1.77,1.337,37.692,1.708,64.394,23.775,31.795,-4.000,-4.000,-3.387,-2.697,-1.321,-0.060,0.526,1.001,1.570,0.3369,0.4995,0.6942,1.0423,2.4978,6.4824,10.4619,16.0000,16.0000,-1.321,-1.394,1.822,-0.009,0.866,-1.321,-1.430,1.957,-0.056,0.054,0.423,2.498,3.762,2.494,1.083,0.175,-1.229,2.345,4.209,2.052,1.388,7.931
2022-638-FA,T6_5,22-638FA_82,2022-08-09,yes,15:59:00,48.150628,-123.556545,Surface,0.00,0.00,0.00,0.00,0.00,0.00,0.00,0.00,0.00,0.00,0.00,0.00,0.00,0.17,0.55,1.30,3.79,7.09,11.62,15.43,17.19,15.43,11.43,7.04,3.68,1.75,0.83,0.43,0.24,0.14,0.09,0.05,0.04,0.03,0.02,0.03,0.04,0.04,0.04,0.05,0.06,0.07,0.09,0.10,0.10,0.10,0.10,0.10,0.09,0.08,0.08,0.07,0.07,0.07,0.07,0.07,0.05,0.03,0.01,0.01,0.01,0.00,0.00,0.00,0.00,0.00,98.30,1.06,0.64,1.70,0.000,92.925,1.645,152.845,57.790,0.000,-0.020,0.170,0.330,0.509,0.902,1.303,1.500,1.711,2.035,0.2440,0.3054,0.3536,0.4054,0.5350,0.7027,0.7954,0.8891,1.0139,0.902,0.911,0.604,0.062,1.061,0.902,0.915,0.585,0.022,0.180,0.757,0.535,0.554,1.317,0.995,0.255,1.012,0.496,1.122,1.059,4.501,32.330
2022-638-FA,T6_4,22-638FA_83,2022-08-09,yes,16:02:00,48.151127,-123.556585,Surface,0.00,0.00,0.00,3.88,0.00,1.62,2.05,2.29,4.28,4.04,3.28,2.76,2.71,2.30,4.04,5.44,8.28,7.13,8.31,8.14,7.01,5.42,3.97,2.96,2.30,1.78,1.30,0.91,0.61,0.38,0.22,0.13,0.09,0.06,0.05,0.06,0.07,0.07,0.07,0.07,0.09,0.11,0.12,0.14,0.14,0.15,0.14,0.13,0.12,0.11,0.10,0.09,0.08,0.08,0.08,0.08,0.06,0.04,0.02,0.02,0.01,0.01,0.00,0.00,0.00,26.91,70.72,1.59,0.78,2.37,0.381,44.431,2.048,90.988,29.853,11.360,-2.067,-2.237,-1.880,-1.174,0.107,0.909,1.313,1.761,2.443,0.1839,0.2951,0.4025,0.5326,0.9285,2.2568,3.6811,4.7154,4.1912,0.107,-0.153,1.482,-0.104,0.887,0.107,-0.284,1.597,-0.245,0.051,0.413,0.928,1.395,2.059,1.394,0.195,0.019,0.987,3.472,1.863,1.278,8.212
2022-638-FA,T7_5,22-638FA_84,2022-08-09,yes,16:07:00,48.151052,-123.554542,Surface,0.00,0.00,0.00,0.00,0.00,0.00,0.00,0.00,0.00,0.00,0.27,0.12,0.11,0.50,2.07,6.38,11.20,10.89,12.42,12.06,10.35,8.53,6.93,5.48,4.00,2.54,1.39,0.71,0.41,0.25,0.15,0.08,0.06,0.04,0.03,0.05,0.06,0.07,0.07,0.09,0.11,0.15,0.17,0.19,0.20,0.21,0.20,0.19,0.17,0.16,0.14,0.12,0.11,0.11,0.10,0.09,0.08,0.06,0.04,0.03,0.02,0.01,0.00,0.00,0.00,0.50,96.41,2.01,1.08,3.09,0.005,48.017,1.856,89.110,31.203,0.163,-0.379,-0.234,-0.084,0.104,0.628,1.253,1.597,1.915,2.452,0.1827,0.2652,0.3306,0.4196,0.6469,0.9307,1.0601,1.1763,1.3009,0.628,0.714,0.849,0.220,1.010,0.628,0.756,0.841,0.152,0.485,0.684,0.647,0.675,1.489,0.933,0.280,0.885,0.542,2.049,1.431,3.433,18.691
2022-638-FA,T8_5,22-638FA_85,2022-08-09,yes,16:10:00,48.150894,-123.552501,Surface,29.67,2.55,11.08,6.53,12.39,5.84,3.53,2.10,1.63,0.67,0.58,0.39,0.35,0.60,1.44,3.08,4.99,3.08,2.80,2.06,1.31,0.86,0.60,0.42,0.28,0.18,0.11,0.07,0.05,0.04,0.03,0.02,0.02,0.02,0.02,0.02,0.02,0.02,0.02,0.02,0.03,0.03,0.03,0.04,0.04,0.04,0.04,0.03,0.03,0.03,0.02,0.02,0.02,0.02,0.02,0.02,0.01,0.01,0.01,0.01,0.00,0.00,0.00,0.00,0.00,77.32,22.04,0.44,0.19,0.64,3.508,49.629,2.289,113.603,34.540,121.165,-4.000,-4.000,-4.000,-4.000,-3.246,-2.053,-0.160,0.206,0.703,0.6141,0.8667,1.1175,4.1484,9.4846,16.0000,16.0000,16.0000,16.0000,-3.246,-2.469,1.673,0.643,0.990,-3.246,-2.080,1.920,0.607,0.832,0.225,9.485,10.074,1.964,0.738,0.392,-2.576,5.962,3.337,1.827,1.831,7.974
2022-638-FA,TW1_5,22-638FA_86,2022-08-10,yes,13:59:00,48.139647,-123.577413,Surface,0.00,0.00,0.00,0.00,0.00,0.00,0.00,0.00,0.00,0.00,0.00,0.00,0.43,0.82,1.27,1.62,2.94,2.64,4.12,5.93,8.10,9.81,10.84,11.31,11.22,10.09,7.91,5.05,2.55,0.99,0.32,0.13,0.09,0.06,0.03,0.03,0.03,0.04,0.04,0.04,0.05,0.08,0.09,0.10,0.11,0.11,0.10,0.10,0.09,0.09,0.08,0.08,0.07,0.07,0.07,0.07,0.06,0.04,0.03,0.02,0.02,0.01,0.00,0.00,0.00,0.43,97.76,1.10,0.71,1.81,0.004,88.865,1.555,138.221,54.090,0.238,-0.160,0.271,0.602,0.921,1.534,2.099,2.339,2.545,2.834,0.1403,0.1714,0.1976,0.2334,0.3452,0.5281,0.6586,0.8289,1.1169,1.534,1.492,0.888,-0.102,1.042,1.534,1.471,0.868,-0.073,-0.227,0.723,0.345,0.381,1.504,1.034,0.224,1.545,0.343,1.443,1.201,2.435,17.180
2022-638-FA,T2_5,22-638FA_87,2022-08-10,yes,14:18:00,48.141913,-123.573101,Surface,23.47,8.61,0.00,0.00,11.17,5.20,4.67,3.09,4.23,1.71,2.83,2.27,2.86,2.51,2.97,3.38,3.89,2.54,2.74,2.60,2.28,1.88,1.43,1.01,0.66,0.40,0.22,0.13,0.08,0.06,0.04,0.03,0.03,0.02,0.02,0.02,0.03,0.03,0.03,0.03,0.04,0.05,0.05,0.06,0.06,0.06,0.06,0.06,0.05,0.05,0.04,0.04,0.03,0.03,0.03,0.03,0.03,0.02,0.01,0.01,0.01,0.00,0.00,0.00,0.00,70.11,28.88,0.67,0.33,1.01,2.427,42.948,2.012,86.399,28.688,69.636,-4.000,-4.000,-4.000,-3.958,-2.666,-0.547,0.108,0.678,1.266,0.4159,0.6250,0.9278,1.4613,6.3475,15.5366,16.0000,16.0000,16.0000,-2.666,-2.186,1.825,0.422,0.633,-2.666,-1.946,2.054,0.351,0.632,0.282,6.348,8.499,3.261,0.563,0.458,-2.039,4.109,4.111,2.028,1.413,6.673
2022-638-FA,T2_4,22-638FA_88,2022-08-10,yes,14:22:00,48.142083,-123.573289,Surface,0.00,0.00,0.00,0.00,0.00,0.00,0.00,0.00,0.00,0.00,0.00,0.00,0.09,0.00,0.21,0.45,0.55,0.66,1.05,1.55,2.27,3.17,4.86,8.07,12.21,15.60,16.18,13.57,8.96,4.68,1.93,0.72,0.34,0.20,0.13,0.09,0.08,0.08,0.07,0.08,0.10,0.13,0.15,0.16,0.16,0.16,0.15,0.14,0.13,0.12,0.11,0.10,0.10,0.10,0.10,0.09,0.07,0.05,0.03,0.03,0.02,0.01,0.00,0.00,0.00,0.09,97.00,1.99,0.93,2.91,0.001,48.822,2.146,104.782,33.304,0.030,0.807,1.251,1.544,1.801,2.240,2.650,2.847,3.029,3.361,0.0973,0.1225,0.1390,0.1593,0.2117,0.2871,0.3429,0.4202,0.5714,2.240,2.210,0.713,-0.095,1.232,2.240,2.195,0.651,-0.068,-0.239,0.960,0.212,0.223,1.342,1.020,0.215,2.278,0.206,1.281,1.132,2.807,18.698
2022-638-FA,TW3_3,22-638FA_89,2022-08-10,yes,14:31:00,48.145553,-123.571004,Surface,0.00,7.56,0.00,0.00,15.38,6.84,4.06,5.69,7.10,3.93,3.97,5.39,5.55,4.31,6.14,6.16,6.09,2.93,2.78,2.17,1.44,0.87,0.48,0.25,0.14,0.08,0.05,0.03,0.02,0.02,0.02,0.01,0.01,0.01,0.01,0.01,0.02,0.02,0.02,0.02,0.02,0.02,0.03,0.03,0.03,0.03,0.03,0.03,0.03,0.02,0.02,0.02,0.02,0.02,0.02,0.02,0.01,0.01,0.01,0.01,0.00,0.00,0.00,0.00,0.00,65.47,34.01,0.35,0.18,0.53,1.925,98.473,1.906,187.673,64.585,124.329,-3.835,-1.640,-2.003,-2.926,-1.787,-0.533,-0.170,0.152,0.626,0.6482,0.9002,1.1250,1.4465,3.4511,7.5983,4.0087,3.1171,14.2671,-1.787,-1.320,1.134,0.423,0.764,-1.787,-1.087,0.917,0.764,0.199,1.433,3.451,4.522,2.292,0.923,1.387,-1.636,3.108,2.298,1.516,1.311,9.197
2022-638-FA,TW3_4,22-638FA_90,2022-08-10,yes,14:36:00,48.145307,-123.570458,Surface,0.00,0.00,0.00,0.00,0.00,0.00,0.00,1.91,0.00,0.00,0.75,0.38,1.34,4.20,9.76,17.86,23.23,11.28,9.91,7.04,4.23,2.51,1.56,1.01,0.64,0.37,0.20,0.11,0.07,0.05,0.03,0.03,0.02,0.02,0.02,0.03,0.04,0.04,0.04,0.05,0.06,0.07,0.08,0.09,0.10,0.10,0.09,0.09,0.08,0.07,0.06,0.06,0.06,0.05,0.05,0.05,0.04,0.03,0.02,0.01,0.01,0.01,0.00,0.00,0.00,4.37,94.11,1.00,0.52,1.52,0.046,94.070,1.919,180.552,61.847,2.869,-0.934,-0.696,-0.535,-0.386,-0.091,0.360,0.619,0.886,1.345,0.3937,0.5411,0.6511,0.7793,1.0652,1.3068,1.4489,1.6203,1.9104,-0.091,-0.002,0.634,0.246,1.252,-0.091,0.042,0.577,0.231,0.514,0.974,1.065,1.043,1.295,0.898,0.244,0.074,0.950,1.355,1.164,4.216,31.229
2022-638-FA,TW3_5,22-638FA_91,2022-08-10,yes,14:41:00,48.144985,-123.569775,Surface,0.00,0.00,0.00,0.00,0.00,0.00,0.00,0.00,0.00,0.00,1.00,0.26,0.31,1.01,1.97,5.46,9.83,10.33,13.01,14.16,13.36,10.78,7.47,4.35,2.14,0.93,0.40,0.21,0.12,0.07,0.04,0.03,0.03,0.02,0.02,0.04,0.06,0.06,0.07,0.08,0.10,0.13,0.15,0.17,0.18,0.18,0.17,0.16,0.15,0.14,0.12,0.11,0.11,0.10,0.09,0.09,0.07,0.06,0.04,0.03,0.02,0.01,0.00,0.00,0.00,1.57,95.70,1.75,0.99,2.74,0.016,54.838,1.761,96.573,34.977,0.573,-0.466,-0.250,-0.077,0.130,0.626,1.100,1.332,1.557,1.944,0.2599,0.3399,0.3971,0.4666,0.6480,0.9138,1.0552,1.1893,1.3808,0.626,0.627,0.718,0.048,1.019,0.626,0.627,0.705,0.002,0.161,0.709,0.648,0.690,1.399,1.015,0.263,0.773,0.585,1.817,1.348,3.807,22.723
2022-638-FA,T9_5,22-638FA_92,2022-08-10,yes,16:04:00,48.15066,-123.55083,Surface,0.00,0.00,0.00,0.00,0.00,0.00,0.00,0.00,0.00,0.00,0.31,0.00,0.00,0.00,0.00,0.07,0.20,0.52,1.11,2.17,4.08,6.69,9.83,12.77,14.28,13.62,10.97,7.55,4.66,2.71,1.52,0.82,0.43,0.23,0.15,0.14,0.14,0.15,0.14,0.16,0.20,0.26,0.31,0.34,0.36,0.35,0.35,0.32,0.29,0.27,0.23,0.21,0.19,0.17,0.16,0.14,0.12,0.11,0.08,0.07,0.05,0.03,0.01,0.00,0.00,0.31,94.00,3.88,1.81,5.69,0.003,24.228,2.140,51.857,16.513,0.055,0.800,1.070,1.276,1.500,1.967,2.463,2.744,3.104,5.060,0.0300,0.1163,0.1493,0.1813,0.2557,0.3535,0.4131,0.4765,0.5745,1.967,1.996,1.013,0.255,1.813,1.967,2.010,0.734,0.058,1.311,1.901,0.256,0.267,1.396,0.980,0.239,2.210,0.216,2.162,1.470,2.853,13.582
2022-638-FA,T10_5,22-638FA_93,2022-08-10,yes,16:20:00,48.150205,-123.54838,Surface,0.00,0.00,0.00,0.00,0.00,0.00,0.00,0.00,0.00,0.00,0.00,0.00,0.00,0.00,0.00,0.16,0.83,1.96,3.11,4.02,4.73,5.47,7.08,9.88,12.77,13.86,12.48,9.35,5.95,3.35,1.72,0.83,0.38,0.17,0.09,0.07,0.07,0.06,0.06,0.06,0.08,0.09,0.10,0.11,0.11,0.11,0.10,0.09,0.08,0.07,0.07,0.07,0.07,0.07,0.07,0.06,0.05,0.03,0.01,0.01,0.01,0.00,0.00,0.00,0.00,0.00,97.94,1.47,0.59,2.06,0.000,66.499,2.496,165.970,47.476,0.000,0.429,0.746,1.059,1.425,2.000,2.474,2.704,2.928,3.250,0.1051,0.1314,0.1535,0.1800,0.2501,0.3725,0.4800,0.5964,0.7426,2.000,1.921,0.839,-0.129,1.102,2.000,1.881,0.823,-0.144,-0.195,0.714,0.250,0.276,1.438,1.073,0.207,1.995,0.251,1.190,1.091,2.337,16.359
2022-638-FA,T11_5,22-638FA_94,2022-08-10,yes,16:30:00,48.149454,-123.54667,Surface,0.00,0.00,0.00,0.00,0.00,0.00,0.00,0.00,0.00,0.00,0.00,0.00,0.00,0.00,0.00,0.00,0.07,0.33,0.79,1.78,3.94,7.26,11.25,14.88,16.31,14.68,10.78,6.27,3.13,1.48,0.76,0.43,0.22,0.12,0.08,0.10,0.13,0.15,0.16,0.19,0.23,0.29,0.34,0.37,0.38,0.37,0.35,0.32,0.29,0.26,0.23,0.21,0.19,0.17,0.16,0.14,0.12,0.10,0.07,0.05,0.04,0.02,0.01,0.00,0.00,0.00,94.36,3.88,1.77,5.64,0.000,24.347,2.195,53.443,16.727,0.000,0.909,1.128,1.299,1.493,1.905,2.336,2.575,2.879,5.343,0.0246,0.1360,0.1679,0.1981,0.2671,0.3553,0.4064,0.4576,0.5325,1.905,1.926,0.991,0.301,2.156,1.905,1.937,0.638,0.050,1.916,2.476,0.267,0.277,1.339,0.987,0.244,2.162,0.223,2.048,1.431,3.212,14.950
2022-638-FA,T12_5,22-638FA_95,2022-08-10,no,16:44:00,48.149049,-123.545011,Surface,NA,NA,NA,NA,NA,NA,NA,NA,NA,NA,NA,NA,NA,NA,NA,NA,NA,NA,NA,NA,NA,NA,NA,NA,NA,NA,NA,NA,NA,NA,NA,NA,NA,NA,NA,NA,NA,NA,NA,NA,NA,NA,NA,NA,NA,NA,NA,NA,NA,NA,NA,NA,NA,NA,NA,NA,NA,NA,NA,NA,NA,NA,NA,NA,NA,NA,NA,NA,NA,NA,NA,NA,NA,NA,NA,NA,NA,NA,NA,NA,NA,NA,NA,NA,NA,NA,NA,NA,NA,NA,NA,NA,NA,NA,NA,NA,NA,NA,NA,NA,NA,NA,NA,NA,NA,NA,NA,NA,NA,NA,NA,NA,NA,NA,NA,NA
2022-638-FA,T15_5,22-638FA_96,2022-08-11,yes,15:27:00,48.146407,-123.536338,Surface,0.00,0.00,0.00,0.00,0.00,0.00,0.00,0.00,0.51,0.00,1.20,0.74,0.62,0.56,0.39,0.43,0.37,0.44,0.78,1.39,2.52,4.07,6.24,9.16,11.83,13.16,12.37,9.97,7.00,4.42,2.58,1.46,0.80,0.45,0.26,0.20,0.19,0.19,0.19,0.21,0.26,0.33,0.39,0.42,0.43,0.42,0.40,0.36,0.33,0.30,0.25,0.22,0.20,0.18,0.17,0.16,0.13,0.11,0.08,0.07,0.05,0.03,0.01,0.00,0.00,3.08,89.95,5.01,1.96,6.97,0.034,17.962,2.557,45.933,12.913,0.442,0.105,1.004,1.342,1.642,2.171,2.706,3.013,3.422,6.029,0.0153,0.0933,0.1239,0.1533,0.2220,0.3204,0.3946,0.4986,0.9296,2.171,2.175,1.315,0.155,2.282,2.171,2.177,0.836,0.007,1.072,2.545,0.222,0.237,1.446,0.996,0.206,2.314,0.201,2.813,1.677,1.631,9.194
2022-638-FA,T15_5 duplicate,22-638FA_97,2022-08-11,yes,15:27:00,48.146407,-123.536338,Surface,0.00,0.00,0.00,0.00,0.00,0.00,0.00,0.00,0.00,0.00,0.44,0.42,0.36,0.42,0.33,0.23,0.48,0.45,0.85,1.49,2.67,4.28,6.47,9.28,12.04,13.42,12.69,10.30,7.32,4.65,2.71,1.53,0.85,0.47,0.28,0.21,0.19,0.19,0.18,0.20,0.24,0.30,0.34,0.36,0.37,0.36,0.34,0.31,0.28,0.25,0.22,0.19,0.17,0.16,0.15,0.14,0.11,0.09,0.07,0.05,0.04,0.02,0.01,0.00,0.00,1.22,92.47,4.63,1.68,6.31,0.013,19.965,2.759,55.078,14.654,0.194,0.688,1.124,1.402,1.676,2.187,2.711,3.002,3.375,5.199,0.0272,0.0964,0.1248,0.1528,0.2196,0.3130,0.3784,0.4588,0.6208,2.187,2.197,1.084,0.177,1.786,2.187,2.202,0.800,0.019,0.945,1.819,0.220,0.233,1.431,0.992,0.221,2.354,0.196,2.283,1.511,2.103,11.012
2022-638-FA,WP270,22-638FA_98,2022-08-10,yes,17:08:00,48.148074,-123.542315,Surface,0.00,0.00,0.00,0.00,0.00,4.66,0.00,0.00,3.87,2.11,0.30,0.32,0.98,0.54,1.17,2.15,3.89,4.10,5.72,7.21,8.75,9.89,10.46,10.05,8.50,6.07,3.55,1.67,0.73,0.36,0.21,0.13,0.08,0.05,0.04,0.05,0.06,0.06,0.07,0.08,0.10,0.13,0.15,0.16,0.17,0.16,0.16,0.14,0.13,0.12,0.10,0.09,0.09,0.08,0.08,0.07,0.06,0.05,0.03,0.02,0.02,0.01,0.00,0.00,0.00,12.24,85.24,1.70,0.82,2.52,0.144,50.062,2.071,103.682,33.761,4.846,-1.120,-1.827,-0.258,0.296,1.113,1.722,1.980,2.219,2.602,0.1647,0.2148,0.2534,0.3032,0.4624,0.8146,1.1958,3.5472,2.1735,1.113,0.945,1.124,-0.212,1.070,1.113,0.861,1.119,-0.225,-0.332,0.663,0.462,0.559,1.639,1.155,0.077,0.915,0.531,2.984,1.727,0.780,8.370
2022-638-FA,WP268,22-638FA_99,2022-08-10,yes,16:51:00,48.148744,-123.544556,Surface,0.00,0.00,0.00,0.00,0.00,9.07,5.65,2.82,3.53,3.39,7.57,9.56,11.10,10.25,12.51,11.47,8.01,1.36,0.77,0.29,0.13,0.13,0.17,0.22,0.29,0.31,0.27,0.19,0.13,0.08,0.05,0.04,0.02,0.02,0.02,0.02,0.02,0.02,0.02,0.02,0.02,0.03,0.03,0.04,0.04,0.04,0.04,0.03,0.03,0.03,0.02,0.02,0.02,0.02,0.02,0.02,0.01,0.01,0.01,0.01,0.00,0.00,0.00,0.00,0.00,52.69,46.69,0.43,0.19,0.62,1.128,109.043,2.247,245.053,75.463,85.149,-1.844,-2.708,-2.388,-1.724,-1.056,-0.508,-0.312,-0.156,0.011,0.9922,1.1138,1.2417,1.4221,2.0788,3.3031,5.2351,6.5362,3.5912,-1.056,-1.252,0.800,-0.067,0.626,-1.056,-1.350,1.038,-0.284,0.134,-0.106,2.079,2.363,1.524,1.087,0.173,-1.122,2.176,1.419,1.191,2.456,20.419
2022-638-FA,WP267,22-638FA_100,2022-08-10,yes,16:44:00,48.149049,-123.545011,Surface,0.00,0.00,0.00,0.00,0.00,0.00,0.00,0.00,0.00,0.00,0.00,0.00,0.00,0.00,0.00,0.00,0.00,0.08,0.33,0.89,2.04,3.86,6.82,10.96,14.81,16.44,14.90,11.06,6.74,3.53,1.68,0.80,0.41,0.22,0.13,0.11,0.12,0.12,0.12,0.14,0.17,0.23,0.26,0.29,0.30,0.29,0.28,0.25,0.23,0.21,0.18,0.16,0.15,0.14,0.13,0.12,0.10,0.08,0.06,0.04,0.03,0.02,0.00,0.00,0.00,0.00,95.34,3.25,1.41,4.66,0.000,29.359,2.303,67.616,20.471,0.000,1.130,1.372,1.555,1.751,2.161,2.587,2.815,3.073,3.788,0.0724,0.1189,0.1421,0.1664,0.2235,0.2972,0.3403,0.3862,0.4568,2.161,2.177,0.718,0.131,1.302,2.161,2.185,0.630,0.038,0.472,1.109,0.224,0.232,1.336,0.990,0.245,2.350,0.196,1.603,1.266,3.346,17.321
2022-638-FA,WP269,22-638FA_101,2022-08-10,yes,16:57:00,48.148429,-123.544414,Surface,0.00,0.00,0.00,0.00,0.00,0.00,0.00,0.00,0.00,0.00,0.00,0.00,0.00,0.00,0.00,0.09,1.29,4.03,8.51,13.51,17.33,17.63,14.59,9.89,5.55,2.64,1.17,0.54,0.30,0.17,0.09,0.06,0.04,0.04,0.03,0.05,0.06,0.07,0.07,0.09,0.11,0.13,0.15,0.16,0.17,0.16,0.16,0.14,0.13,0.12,0.11,0.10,0.09,0.08,0.08,0.07,0.06,0.05,0.03,0.02,0.02,0.01,0.00,0.00,0.00,0.00,97.45,1.72,0.83,2.55,0.000,56.741,2.065,117.190,38.230,0.000,0.245,0.413,0.547,0.714,1.078,1.466,1.676,1.887,2.241,0.2115,0.2704,0.3130,0.3619,0.4737,0.6094,0.6845,0.7510,0.8440,1.078,1.100,0.585,0.112,1.088,1.078,1.111,0.565,0.059,0.292,0.768,0.474,0.486,1.298,0.983,0.258,1.241,0.423,1.335,1.155,4.431,28.005
2022-638-FA,T3_4 duplicate,22-638FA_102,2022-08-09,yes,15:26:00,48.149866,-123.562412,Surface,0.00,0.00,0.00,0.00,0.00,0.00,0.00,0.00,0.00,0.24,0.32,0.14,0.30,0.27,0.68,2.12,5.32,7.07,10.42,13.48,15.30,14.73,11.86,7.94,4.37,2.01,0.85,0.41,0.24,0.15,0.08,0.05,0.04,0.03,0.02,0.03,0.04,0.04,0.04,0.05,0.06,0.07,0.09,0.10,0.10,0.10,0.10,0.09,0.08,0.08,0.07,0.07,0.07,0.06,0.06,0.06,0.05,0.03,0.02,0.01,0.01,0.01,0.00,0.00,0.00,1.01,97.36,1.05,0.59,1.63,0.010,92.995,1.781,165.607,59.554,0.615,-0.184,0.025,0.236,0.463,0.914,1.348,1.554,1.744,2.053,0.2409,0.2985,0.3405,0.3929,0.5308,0.7255,0.8488,0.9828,1.1359,0.914,0.901,0.668,-0.005,1.036,0.914,0.895,0.659,-0.028,0.032,0.698,0.531,0.559,1.359,1.012,0.243,0.982,0.506,1.189,1.091,3.802,27.888
2022-638-FA,T3_4  duplicate,22-638FA_103,2022-08-09,yes,15:26:00,48.149866,-123.562412,Surface,0.00,0.00,0.00,0.00,0.00,0.00,0.00,0.00,0.00,0.00,0.00,0.33,0.00,0.17,0.56,1.81,4.36,5.94,9.34,12.70,15.39,15.59,13.08,9.11,5.21,2.52,1.12,0.53,0.30,0.17,0.09,0.05,0.04,0.03,0.03,0.03,0.04,0.04,0.04,0.05,0.06,0.07,0.08,0.09,0.10,0.10,0.09,0.09,0.08,0.08,0.07,0.07,0.07,0.07,0.07,0.06,0.05,0.03,0.01,0.01,0.01,0.00,0.00,0.00,0.00,0.33,98.07,1.01,0.59,1.60,0.003,96.916,1.711,165.825,61.167,0.207,-0.091,0.128,0.339,0.556,0.992,1.420,1.629,1.825,2.136,0.2275,0.2822,0.3234,0.3738,0.5029,0.6800,0.7903,0.9149,1.0653,0.992,0.987,0.660,0.008,1.057,0.992,0.984,0.645,-0.012,0.048,0.727,0.503,0.527,1.349,1.005,0.242,1.069,0.477,1.122,1.059,4.005,29.271
2022-638-FA,T4_5 duplicate,22-638FA_104,2022-08-09,yes,15:35:00,48.15011,-123.560252,Surface,0.00,0.00,0.00,0.00,0.00,0.00,0.00,0.00,0.00,0.00,0.00,0.00,0.00,0.00,0.00,0.15,0.83,1.88,3.54,5.65,8.03,9.42,9.42,8.58,7.50,6.35,5.33,4.55,3.89,3.20,2.43,1.71,1.14,0.78,0.61,0.60,0.63,0.65,0.65,0.70,0.79,0.91,0.97,1.00,0.98,0.93,0.86,0.77,0.68,0.60,0.50,0.44,0.39,0.35,0.32,0.30,0.26,0.23,0.18,0.14,0.10,0.06,0.01,0.00,0.00,0.00,83.63,12.49,3.88,16.37,0.000,6.696,3.217,21.543,5.108,0.000,0.422,0.674,0.885,1.138,1.834,2.990,4.116,6.267,7.606,0.0051,0.0130,0.0577,0.1258,0.2806,0.4545,0.5415,0.6268,0.7462,1.834,2.278,1.896,0.510,1.589,1.834,2.500,1.615,0.413,1.350,1.224,0.281,0.290,1.900,0.726,0.268,2.535,0.173,4.757,2.181,1.650,5.214
2022-638-FA,T4_4 duplicate,22-638FA_105,2022-08-09,yes,15:40:00,48.150373,-123.560404,Surface,0.00,0.00,0.00,0.00,0.00,0.00,0.92,0.00,0.00,0.00,0.00,0.13,0.26,0.54,0.98,3.44,7.57,8.89,12.14,14.19,14.56,12.70,9.52,6.10,3.39,1.68,0.78,0.37,0.20,0.11,0.06,0.04,0.03,0.03,0.03,0.03,0.04,0.04,0.04,0.04,0.05,0.06,0.07,0.08,0.08,0.08,0.08,0.08,0.07,0.06,0.06,0.06,0.05,0.05,0.05,0.05,0.04,0.02,0.01,0.01,0.00,0.00,0.00,0.00,0.00,1.32,97.30,0.92,0.47,1.39,0.014,105.995,1.952,206.872,70.086,0.949,-0.281,-0.096,0.066,0.304,0.767,1.225,1.451,1.668,1.975,0.2544,0.3146,0.3657,0.4279,0.5875,0.8103,0.9551,1.0689,1.2152,0.767,0.762,0.688,0.029,1.004,0.767,0.759,0.693,-0.012,0.115,0.629,0.588,0.619,1.376,1.004,0.253,0.827,0.564,1.172,1.083,3.185,25.706
2022-638-FA,T5_3 duplicate,22-638FA_106,2022-08-09,yes,15:49:00,48.15116,-123.558558,Surface,0.00,0.00,0.00,0.00,0.00,0.00,0.00,0.00,0.00,0.00,0.78,1.07,0.92,2.92,5.07,6.60,8.00,6.34,8.02,9.22,10.02,9.94,8.98,7.30,5.30,3.38,1.89,0.95,0.48,0.26,0.14,0.08,0.05,0.04,0.04,0.05,0.06,0.06,0.06,0.07,0.09,0.11,0.13,0.14,0.15,0.15,0.14,0.13,0.12,0.11,0.10,0.09,0.08,0.08,0.07,0.07,0.06,0.04,0.03,0.02,0.01,0.01,0.00,0.00,0.00,2.77,94.94,1.53,0.76,2.29,0.029,62.006,2.014,124.853,41.430,1.209,-0.768,-0.527,-0.295,-0.010,0.779,1.421,1.710,1.977,2.397,0.1898,0.2540,0.3057,0.3734,0.5830,1.0067,1.2267,1.4413,1.7031,0.779,0.731,0.981,-0.024,0.907,0.779,0.707,1.002,-0.071,0.036,0.579,0.583,0.690,1.642,1.106,0.267,0.848,0.555,1.900,1.378,2.653,15.949
2022-638-FA,T6_5 duplicate,22-638FA_107,2022-08-09,yes,15:59:00,48.150628,-123.556545,Surface,0.00,0.00,0.00,0.00,0.00,0.00,0.00,0.00,0.00,0.00,0.00,0.00,0.07,0.17,0.34,1.16,3.75,6.88,11.25,15.04,16.88,15.52,11.74,7.36,3.92,1.83,0.82,0.39,0.19,0.11,0.06,0.03,0.03,0.02,0.02,0.03,0.05,0.05,0.05,0.06,0.08,0.11,0.13,0.15,0.16,0.16,0.16,0.15,0.14,0.13,0.12,0.11,0.10,0.10,0.10,0.09,0.07,0.05,0.03,0.02,0.02,0.01,0.00,0.00,0.00,0.07,97.46,1.53,0.95,2.48,0.001,63.718,1.617,103.010,39.367,0.028,-0.006,0.184,0.346,0.527,0.924,1.334,1.540,1.745,2.124,0.2294,0.2983,0.3438,0.3966,0.5270,0.6940,0.7866,0.8801,1.0040,0.924,0.937,0.621,0.079,1.081,0.924,0.943,0.597,0.032,0.226,0.784,0.527,0.545,1.323,0.991,0.256,1.077,0.474,1.469,1.212,4.336,27.251
2022-638-FA,T8_5 duplicate,22-638FA_108,2022-08-09,yes,16:10:00,48.150894,-123.552501,Surface,0.00,23.94,6.04,10.97,11.06,7.11,3.95,2.97,2.14,0.56,0.96,0.64,0.70,0.38,1.74,4.02,6.69,3.76,3.51,2.63,1.75,1.18,0.81,0.55,0.37,0.23,0.14,0.09,0.06,0.05,0.03,0.03,0.02,0.02,0.02,0.02,0.02,0.03,0.03,0.03,0.03,0.04,0.05,0.05,0.06,0.06,0.06,0.05,0.05,0.04,0.04,0.03,0.03,0.03,0.03,0.03,0.02,0.02,0.01,0.01,0.01,0.00,0.00,0.00,0.00,71.05,28.03,0.61,0.31,0.92,2.535,45.663,1.975,90.189,30.314,76.851,-3.948,-3.896,-3.833,-3.707,-3.043,-0.356,0.008,0.419,0.923,0.5274,0.7482,0.9946,1.2799,8.2424,13.0568,14.2500,14.8826,15.4312,-3.043,-2.289,1.698,0.609,0.596,-3.043,-1.913,1.920,0.589,0.797,0.268,8.242,7.168,3.194,0.246,0.417,-2.193,4.572,3.769,1.941,1.669,7.587
2022-638-FA,TW3_4 duplicate,22-638FA_109,2022-08-10,yes,14:36:00,48.145307,-123.570458,Surface,0.00,0.00,0.00,0.00,0.00,3.76,0.00,0.00,0.67,0.00,0.50,1.00,1.52,3.74,8.82,17.36,22.92,10.88,9.48,6.73,4.16,2.61,1.67,1.07,0.67,0.40,0.21,0.12,0.07,0.05,0.04,0.03,0.03,0.02,0.02,0.03,0.04,0.04,0.04,0.05,0.06,0.07,0.08,0.09,0.09,0.09,0.09,0.09,0.08,0.07,0.06,0.06,0.06,0.06,0.05,0.05,0.04,0.03,0.01,0.01,0.01,0.00,0.00,0.00,0.00,7.45,91.04,0.99,0.52,1.51,0.082,92.244,1.892,174.552,60.351,4.937,-1.475,-0.798,-0.579,-0.408,-0.101,0.352,0.623,0.905,1.375,0.3856,0.5341,0.6493,0.7835,1.0729,1.3265,1.4942,1.7385,2.7796,-0.101,-0.019,0.732,0.121,1.538,-0.101,0.022,0.601,0.205,0.086,1.370,1.073,1.055,1.301,0.903,0.225,0.002,0.999,1.590,1.261,3.071,23.919
2022-638-FA,T11_5 duplicate,22-638FA_110,2022-08-10,yes,16:30:00,48.149454,-123.54667,Surface,0.00,0.00,0.00,0.00,0.00,0.00,0.00,0.00,0.00,0.00,0.00,0.00,0.00,0.00,0.00,0.00,0.09,0.37,0.84,1.82,4.02,7.42,11.56,15.26,16.71,15.06,10.89,6.29,3.08,1.42,0.71,0.39,0.22,0.11,0.07,0.08,0.09,0.09,0.09,0.11,0.14,0.18,0.22,0.24,0.25,0.25,0.24,0.22,0.20,0.18,0.16,0.15,0.14,0.13,0.12,0.11,0.09,0.07,0.05,0.04,0.03,0.02,0.00,0.00,0.00,0.00,96.15,2.57,1.28,3.85,0.000,37.403,2.011,75.215,24.981,0.000,0.898,1.117,1.288,1.481,1.885,2.292,2.499,2.736,3.307,0.1010,0.1501,0.1769,0.2042,0.2707,0.3582,0.4095,0.4609,0.5365,1.885,1.891,0.668,0.097,1.217,1.885,1.893,0.606,0.014,0.359,0.989,0.271,0.281,1.324,0.998,0.248,2.059,0.240,1.553,1.246,3.608,19.657
2022-638-FA,WP268 duplicate,22-638FA_111,2022-08-10,yes,16:51:00,48.148744,-123.544556,Surface,0.00,0.00,0.00,0.00,6.19,1.85,4.20,4.70,6.01,3.24,7.94,12.05,12.04,9.64,12.46,9.52,6.55,0.90,0.50,0.19,0.09,0.11,0.15,0.21,0.28,0.29,0.25,0.17,0.10,0.06,0.03,0.02,0.01,0.01,0.01,0.01,0.01,0.01,0.01,0.01,0.01,0.01,0.01,0.01,0.01,0.01,0.01,0.01,0.01,0.01,0.01,0.01,0.01,0.01,0.01,0.01,0.01,0.00,0.00,0.00,0.00,0.00,0.00,0.00,0.00,58.22,41.54,0.17,0.07,0.24,1.402,243.941,2.364,576.788,171.436,240.302,-2.500,-2.602,-2.296,-1.844,-1.167,-0.598,-0.404,-0.244,-0.055,1.0386,1.1844,1.3232,1.5141,2.2461,3.5910,4.9113,6.0700,5.6577,-1.167,-1.289,0.844,-0.141,0.804,-1.167,-1.350,0.946,-0.193,-0.116,0.293,2.246,2.553,1.540,1.078,0.213,-1.236,2.355,1.107,1.052,1.516,15.162
,,,,,,,,,,,,,,,,,,,,,,,,,,,,,,,,,,,,,,,,,,,,,,,,,,,,,,,,,,,,,,,,,,,,,,,,,,,,,,,,,,,,,,,,,,,,,,,,,,,,,,,,,,,,,,,,,,,,,,,,,,,,
