FACS/FAN I.D.,Sample ID,Sample Recovered,Date Collected,Time (GMT),Latitude (deg. N),Longitude (deg. E),Sample Type,Lab ID,Wt. percent in -2.00 phi bin,Wt. percent in -1.00 phi bin,Wt. percent in -0.75 phi bin,Wt. percent in -0.50 phi bin,Wt. percent in -0.25 phi bin,Wt. percent in 0.00 phi bin,Wt. percent in 0.25 phi bin,Wt. percent in 0.50 phi bin,Wt. percent in 0.75 phi bin,Wt. percent in 1.00 phi bin,Wt. percent in 1.25 phi bin,Wt. percent in 1.50 phi bin,Wt. percent in 1.75 phi bin,Wt. percent in 2.00 phi bin,Wt. percent in 2.25 phi bin,Wt. percent in 2.50 phi bin,Wt. percent in 2.75 phi bin,Wt. percent in 3.00 phi bin,Wt. percent in 3.25 phi bin,Wt. percent in 3.50 phi bin,Wt. percent in 3.75 phi bin,Wt. percent in 4.00 phi bin,Wt. percent in 4.25 phi bin,Wt. percent in 4.50 phi bin,Wt. percent in 4.75 phi bin,Wt. percent in 5.00 phi bin,Wt. percent in 5.25 phi bin,Wt. percent in 5.50 phi bin,Wt. percent in 5.75 phi bin,Wt. percent in 6.00 phi bin,Wt. percent in 6.25 phi bin,Wt. percent in 6.50 phi bin,Wt. percent in 6.75 phi bin,Wt. percent in 7.00 phi bin,Wt. percent in 7.25 phi bin,Wt. percent in 7.50 phi bin,Wt. percent in 7.75 phi bin,Wt. percent in 8.00 phi bin,Wt. percent in 8.25 phi bin,Wt. percent in 8.50 phi bin,Wt. percent in 8.75 phi bin,Wt. percent in 9.00 phi bin,Wt. percent in 9.25 phi bin,Wt. percent in 9.50 phi bin,Wt. percent in 9.75 phi bin,Wt. percent in 10.00 phi bin,Wt. percent in 10.25 phi bin,Wt. percent in 10.50 phi bin,Wt. percent in 10.75 phi bin,Wt. percent in 11.00 phi bin,Wt. percent in 11.25 phi bin,Wt. percent in 11.50 phi bin,Wt. percent in 12.00 phi bin,Wt. percent in 13.00 phi bin,Percent Gravel,Percent Sand,Percent Silt,Percent Clay,Percent Mud,D5 Phi, D10 Phi, D16 Phi, D25 Phi, D50 Phi, D75 Phi, D84 Phi, D90 Phi, D95 Phi, F-W Median, F-W Mean, F-W Sorting, F-W Skewness, F-W Kurtosis, Inman Median, Inman Mean, Inman Sorting, Inman Skew 16-84, Inman Skew 05-95, Inman Kurtosis,Moment 1 Mean,Moment 2 Variance,Moment 3 Skewness,Moment 4 Kurtosis,
2015-648-FA,TW1_B,yes,7/28/2015,16:11:08,48.144645,-123.583773,Grab, 15-648FA_01,0,0,0.36,0.44,0.51,0.61,0.72,0.83,0.96,1.18,1.46,1.78,2.07,2.22,2.18,2.06,2.02,2.13,2.29,2.47,2.71,2.71,2.51,2.56,2.96,3.36,3.46,3.36,3.37,3.54,3.85,4.03,4.08,3.96,3.7,3.39,2.97,2.6,2.25,1.88,1.62,1.41,1.26,1.15,1.07,0.96,0.91,0.76,0.61,0.42,0.24,0.06,0,0,0,31.71,53.68,14.61,68.29,0.88,1.65,2.34,3.37,5.51,7.15,7.86,8.57,9.51,5.51,5.24,2.69,-0.11,0.94,5.51,5.1,2.76,-0.15,-0.11,0.56,5.29,6.78,-0.14,2.39, 
2015-648-FA,TW1_A,yes,7/28/2015,16:20:10,48.143021,-123.581798,Grab, 15-648FA_02,0,0.09,0,0,0.12,0.48,1.01,1.64,2.48,3.79,5.2,6.18,6.22,5.2,3.55,2.11,1.49,1.64,2.11,2.61,2.92,2.75,2.37,2.29,2.47,2.59,2.51,2.35,2.29,2.36,2.53,2.64,2.66,2.58,2.42,2.24,1.98,1.75,1.52,1.28,1.11,0.98,0.89,0.83,0.79,0.71,0.68,0.57,0.46,0.32,0.18,0.04,0,0,0.09,51.5,38.05,10.36,48.41,0.68,1.02,1.3,1.67,3.86,6.41,7.29,8.06,9.13,3.86,4.15,2.78,0.2,0.73,3.86,4.29,2.99,0.15,0.35,0.41,4.19,7.64,0.43,2.12, 
2015-648-FA,TW1_0,yes,7/28/2015,16:24:47,48.14168,-123.580192,Grab, 15-648FA_03,0,0,0,0,0,0,0,0,0,0,0,0,0,0.05,0.48,1.45,3.19,5.07,6.34,6.57,5.99,5.13,4.54,4.26,4.06,3.93,3.88,3.77,3.52,3.26,3.24,3.3,3.28,3.09,2.77,2.44,2.11,1.94,1.85,1.68,1.49,1.24,0.98,0.79,0.7,0.67,0.73,0.7,0.64,0.49,0.3,0.07,0,0,0,34.28,53.39,12.32,65.72,2.74,2.99,3.23,3.58,4.93,6.73,7.55,8.32,9.28,4.93,5.24,2.07,0.27,0.85,4.93,5.39,2.16,0.21,0.5,0.51,5.32,4.28,0.68,2.69, 
2015-648-FA,TW1_1,yes,7/28/2015,16:27:51,48.140915,-123.579529,Grab, 15-648FA_04,0,0,0,0,0,0.01,0.06,0.16,0.56,1.29,1.58,1.34,1.37,2.49,5.15,9.33,14.5,17.56,16.4,11.62,6.14,2.48,0.97,0.6,0.45,0.31,0.23,0.22,0.22,0.25,0.3,0.35,0.39,0.41,0.41,0.39,0.35,0.31,0.26,0.2,0.17,0.15,0.14,0.14,0.14,0.14,0.14,0.12,0.1,0.07,0.04,0.01,0,0,0,92.04,6.16,1.8,7.96,1.5,2.07,2.32,2.54,2.93,3.32,3.52,3.79,5.7,2.93,2.92,0.94,0.15,2.19,2.93,2.92,0.6,-0.02,1.11,2.48,3.08,1.72,2.68,13.44, 
2015-648-FA,TW1_2,yes,7/28/2015,16:30:33,48.140557,-123.579068,Grab, 15-648FA_05,0,0,0,0,0,0.01,0.02,0.06,0.35,0.99,1.22,0.87,0.76,1.8,4.68,9.5,15.49,19.1,17.86,12.54,6.36,2.3,0.78,0.48,0.4,0.3,0.23,0.21,0.21,0.22,0.24,0.26,0.27,0.27,0.26,0.25,0.23,0.21,0.19,0.16,0.14,0.12,0.11,0.1,0.09,0.08,0.08,0.07,0.06,0.04,0.02,0.01,0,0,0,93.9,4.82,1.28,6.1,1.88,2.23,2.41,2.59,2.94,3.3,3.48,3.68,4.41,2.94,2.94,0.65,0.08,1.47,2.94,2.94,0.53,0,0.39,1.39,3.06,1.25,3.03,17.45, 
2015-648-FA,TW1_3,yes,7/28/2015,16:34:09,48.140211,-123.578271,Grab, 15-648FA_06,0,0,0,0,0,0,0,0,0,0,0,0,0.1,1.41,4.99,10.5,16.68,19.78,17.82,12.07,6.17,2.44,0.91,0.46,0.32,0.23,0.18,0.15,0.17,0.22,0.29,0.36,0.4,0.42,0.42,0.41,0.37,0.34,0.3,0.26,0.23,0.21,0.21,0.21,0.21,0.2,0.19,0.15,0.11,0.06,0.03,0.01,0,0,0,91.98,5.65,2.37,8.02,2.23,2.36,2.49,2.64,2.96,3.33,3.52,3.8,6.32,2.96,2.99,0.88,0.36,2.43,2.96,3.01,0.52,0.09,2.53,2.94,3.23,1.67,3.36,15.49, 
2015-648-FA,TW1_4,yes,7/28/2015,16:38:16,48.139832,-123.577873,Grab, 15-648FA_07,0,0,0,0,0,0,0,0,0.15,0.71,0.79,0.31,0.42,2.57,7.42,13.89,19.54,20.11,15.42,8.68,3.48,1.1,0.46,0.33,0.24,0.16,0.13,0.13,0.14,0.17,0.22,0.26,0.28,0.29,0.29,0.28,0.25,0.23,0.2,0.17,0.16,0.14,0.14,0.13,0.13,0.12,0.12,0.09,0.07,0.04,0.02,0.01,0,0,0,94.6,3.86,1.55,5.4,2,2.21,2.33,2.49,2.81,3.15,3.32,3.5,4.22,2.81,2.82,0.58,0.16,1.37,2.81,2.83,0.5,0.05,0.61,1.23,2.97,1.31,3.58,19.54, 
2015-648-FA,TW2_4,yes,7/28/2015,16:42:24,48.142394,-123.573499,Grab, 15-648FA_08,0,0,0,0,0.02,0.04,0.05,0.03,0.18,0.66,0.71,0.35,0.6,2.53,6.41,11.51,16.18,17.52,14.84,9.81,5.18,2.32,1.04,0.58,0.42,0.36,0.32,0.3,0.32,0.37,0.46,0.55,0.6,0.63,0.63,0.6,0.55,0.5,0.45,0.38,0.32,0.28,0.24,0.21,0.2,0.18,0.17,0.14,0.11,0.08,0.05,0.01,0,0,0,88.95,8.23,2.82,11.05,2.01,2.22,2.37,2.54,2.91,3.34,3.62,4.25,7.04,2.91,2.96,1.08,0.39,2.58,2.91,2.99,0.63,0.13,2.57,3.02,3.24,2.21,2.57,10.42, 
2015-648-FA,TW2_3,yes,7/28/2015,16:45:03,48.142517,-123.574173,Grab, 15-648FA_09,0,0,0,0,0,0,0,0,0.11,0.72,0.85,0.36,0.54,2.11,4.84,8.62,13.75,17.59,17.6,13.35,7.58,3.3,1.28,0.62,0.42,0.33,0.27,0.23,0.23,0.25,0.31,0.36,0.39,0.4,0.4,0.38,0.34,0.31,0.27,0.23,0.21,0.19,0.19,0.19,0.19,0.18,0.17,0.14,0.1,0.05,0.03,0.01,0,0,0,91.32,6.53,2.15,8.68,2.02,2.27,2.45,2.64,3.01,3.4,3.62,3.9,6.03,3.01,3.03,0.9,0.28,2.17,3.01,3.03,0.58,0.04,1.76,2.45,3.22,1.68,2.96,14.19, 
2015-648-FA,TW2_2,yes,7/28/2015,16:49:45,48.14274,-123.574735,Grab, 15-648FA_10,0,0.12,0,0,0,0.03,0.06,0.02,0.08,0.29,0.44,0.58,1,2.26,4.56,7.95,12.38,15.76,16.15,12.98,8.13,3.98,1.72,0.88,0.65,0.56,0.47,0.41,0.4,0.43,0.51,0.57,0.61,0.62,0.61,0.58,0.53,0.48,0.42,0.37,0.33,0.3,0.28,0.27,0.27,0.25,0.24,0.19,0.14,0.08,0.05,0.01,0,0,0.12,86.65,10.02,3.21,13.23,2.01,2.27,2.47,2.67,3.07,3.51,3.82,4.74,7.17,3.07,3.12,1.12,0.35,2.51,3.07,3.15,0.68,0.11,2.24,2.81,3.4,2.32,2.42,9.8, 
2015-648-FA,TW2_2 duplicate,yes,7/28/2015,16:49:45,48.14274,-123.574735,Grab, 15-648FA_71,0,0,0,0,0,0.02,0.05,0.02,0.09,0.52,0.53,0.25,0.48,1.6,3.78,7.18,11.8,15.46,16.32,13.43,8.67,4.38,1.88,0.93,0.7,0.63,0.52,0.42,0.41,0.49,0.62,0.72,0.78,0.79,0.77,0.73,0.65,0.59,0.52,0.44,0.39,0.35,0.33,0.32,0.31,0.29,0.28,0.22,0.16,0.1,0.06,0.01,0,0,0,84.58,11.63,3.79,15.42,2.13,2.36,2.54,2.73,3.13,3.6,3.97,5.7,7.51,3.13,3.21,1.17,0.4,2.54,3.13,3.25,0.71,0.17,2.37,2.77,3.53,2.59,2.28,8.46, 
2015-648-FA,TW2_1,yes,7/28/2015,16:52:18,48.143269,-123.57531,Grab, 15-648FA_11,0,0,0,0,0,0,0,0,0,0,0,0,0.01,0.21,0.76,1.57,2.76,4.1,5.28,6.16,6.19,5.02,3.57,2.95,3.17,3.44,3.37,3.14,3.07,3.22,3.52,3.71,3.76,3.65,3.42,3.17,2.81,2.52,2.23,1.91,1.69,1.51,1.36,1.25,1.17,1.05,0.99,0.83,0.66,0.46,0.26,0.06,0,0,0,32.06,52.5,15.43,67.94,2.73,3.03,3.31,3.67,5.36,7.17,7.94,8.69,9.6,5.36,5.54,2.2,0.17,0.8,5.36,5.62,2.32,0.11,0.35,0.48,5.6,4.71,0.45,2.27, 
2015-648-FA,TW2_0,yes,7/28/2015,16:56:19,48.143789,-123.576016,Grab, 15-648FA_12,0,0,0,0.01,0.17,0.36,0.63,0.88,1.3,1.86,2.08,1.87,1.89,2.41,3.07,3.88,5.24,6.58,7.26,7.03,6.04,4.77,3.75,3.18,2.87,2.59,2.29,2.03,1.87,1.84,1.9,1.94,1.94,1.89,1.78,1.66,1.48,1.33,1.17,1,0.88,0.79,0.72,0.68,0.65,0.6,0.57,0.47,0.37,0.25,0.14,0.03,0,0,0,57.34,34.32,8.34,42.66,0.98,1.61,2.21,2.72,3.64,5.63,6.81,7.69,8.84,3.64,4.22,2.34,0.35,1.11,3.64,4.51,2.3,0.38,0.55,0.71,4.23,5.39,0.73,3.05, 
2015-648-FA,TW2_A,yes,7/28/2015,16:59:25,48.144536,-123.577057,Grab, 15-648FA_13,0,0,0,0,0,0,0,0,0,0,0,0,0,0.18,1.15,3.04,5.97,8.93,10.9,10.95,9.3,6.94,4.99,3.86,3.22,2.71,2.23,1.87,1.69,1.66,1.73,1.77,1.77,1.71,1.61,1.49,1.33,1.2,1.06,0.91,0.81,0.74,0.69,0.65,0.63,0.57,0.55,0.45,0.36,0.24,0.13,0.03,0,0,0,57.35,34.84,7.81,42.65,2.54,2.74,2.92,3.14,3.74,5.34,6.63,7.56,8.76,3.74,4.43,1.87,0.59,1.16,3.74,4.78,1.86,0.56,1.03,0.68,4.49,3.8,1.32,3.98, 
2015-648-FA,TW2_B,yes,7/28/2015,17:03:24,48.145629,-123.578331,Grab, 15-648FA_14,0,0,0,0.02,0.1,0.19,0.26,0.29,0.43,0.66,0.67,0.55,0.79,1.65,2.88,4.04,5.11,6.03,6.64,6.43,5.53,4.35,3.45,3.04,2.92,2.85,2.7,2.54,2.49,2.56,2.73,2.82,2.82,2.72,2.54,2.34,2.06,1.82,1.59,1.34,1.17,1.04,0.94,0.88,0.84,0.76,0.73,0.61,0.49,0.33,0.19,0.04,0,0,0,46.65,42.39,10.96,53.35,1.93,2.35,2.68,3.05,4.24,6.52,7.38,8.15,9.22,4.24,4.76,2.28,0.35,0.86,4.24,5.03,2.35,0.33,0.57,0.55,4.83,5.35,0.56,2.59, 
2015-648-FA,TW2_C,yes,7/28/2015,17:12:38,48.146434,-123.579765,Grab, 15-648FA_15,0,0.86,0,0.05,0.53,1.46,2.51,3.34,3.84,3.9,3.25,2.21,1.41,1.19,1.39,1.77,2.35,3.05,3.63,3.84,3.63,3.15,2.71,2.59,2.65,2.69,2.61,2.48,2.46,2.56,2.78,2.93,2.99,2.91,2.72,2.49,2.18,1.91,1.65,1.38,1.19,1.05,0.95,0.87,0.83,0.74,0.7,0.58,0.47,0.33,0.18,0.04,0,0,0.86,46.51,41.68,10.96,52.64,0.22,0.59,0.97,2.09,4.24,6.6,7.4,8.14,9.18,4.24,4.21,2.97,0.04,0.81,4.24,4.19,3.22,-0.02,0.14,0.39,4.38,8.03,0.15,2.14, 
2015-648-FA,TW3_D,yes,7/28/2015,17:34:14,48.14833,-123.576114,Grab, 15-648FA_16,0,0,0,0,0.05,0.18,0.39,0.65,0.99,1.39,1.54,1.34,0.99,0.78,0.81,1.06,1.54,2.03,2.44,2.7,2.72,2.58,2.51,2.78,3.21,3.54,3.64,3.63,3.75,4,4.37,4.57,4.58,4.42,4.12,3.79,3.32,2.94,2.55,2.15,1.86,1.63,1.45,1.32,1.23,1.09,1.04,0.85,0.68,0.48,0.27,0.06,0,0,0,24.19,59.16,16.65,75.81,1.22,2.46,3.23,4.08,5.93,7.36,8.06,8.76,9.64,5.92,5.74,2.48,-0.12,1.05,5.92,5.65,2.41,-0.11,-0.2,0.74,5.72,5.76,-0.2,2.59, 
2015-648-FA,TW3_C,yes,7/28/2015,17:37:59,48.147896,-123.574646,Grab, 15-648FA_17,0,0,0,0,0,0,0,0,0,0,0,0,0,0.06,0.34,0.82,1.5,2.27,3.1,3.77,3.83,3.26,2.68,2.81,3.5,3.95,3.81,3.5,3.57,4.01,4.56,4.86,4.92,4.76,4.44,4.08,3.58,3.17,2.77,2.35,2.06,1.82,1.64,1.51,1.42,1.27,1.21,1.01,0.81,0.57,0.32,0.07,0,0,0,18.95,62.21,18.84,81.05,3,3.39,3.77,4.54,6.18,7.54,8.26,8.98,9.8,6.18,6.07,2.15,0,0.93,6.18,6.02,2.24,-0.07,0.1,0.52,6.15,4.23,0.19,2.33, 
2015-648-FA,TW3_B,yes,7/28/2015,17:41:51,48.147318,-123.574113,Grab, 15-648FA_18,0,0,0,0,0,0,0,0,0,0,0.01,0.03,0.04,0.06,0.21,0.53,1.05,1.73,2.58,3.47,3.87,3.7,3.49,3.69,4.04,4.25,4.21,4.04,3.96,4.04,4.29,4.45,4.48,4.35,4.09,3.8,3.39,3.06,2.72,2.34,2.07,1.84,1.67,1.53,1.44,1.3,1.25,1.05,0.85,0.6,0.34,0.08,0,0,0,17.27,63.65,19.08,82.73,3.15,3.52,3.92,4.54,6.06,7.54,8.29,9.02,9.84,6.06,6.09,2.11,0.07,0.91,6.06,6.1,2.19,0.02,0.2,0.53,6.14,4.14,0.29,2.36, 
2015-648-FA,TW3_A,yes,7/28/2015,17:45:42,48.146869,-123.573534,Grab, 15-648FA_19,0,0,0,0,0,0.01,0.05,0.08,0.27,0.6,0.66,0.64,1.37,3.38,6.14,8.41,9.24,8.43,7.07,5.8,4.86,3.95,3.01,2.38,2.16,2.07,1.82,1.49,1.36,1.49,1.76,1.95,2.04,2.03,1.93,1.8,1.6,1.43,1.25,1.06,0.93,0.83,0.76,0.71,0.67,0.61,0.57,0.47,0.38,0.27,0.15,0.04,0,0,0,60.96,30.35,8.7,39.04,1.89,2.14,2.34,2.6,3.41,5.7,6.94,7.77,8.89,3.41,4.23,2.21,0.55,0.92,3.41,4.64,2.3,0.54,0.86,0.53,4.25,5.1,1.01,3.11, 
2015-648-FA,TW3_0,yes,7/28/2015,17:49:18,48.146414,-123.572653,Grab, 15-648FA_20,0,0,0,0,0,0,0,0,0,0,0,0,0.03,0.35,1.13,2.21,3.55,4.71,5.48,5.82,5.59,4.81,3.94,3.5,3.43,3.39,3.2,2.99,2.97,3.11,3.39,3.56,3.61,3.51,3.3,3.06,2.7,2.4,2.1,1.76,1.53,1.36,1.22,1.13,1.08,0.98,0.94,0.79,0.63,0.44,0.25,0.06,0,0,0,33.67,52.06,14.27,66.33,2.61,2.91,3.19,3.58,5.16,7.06,7.82,8.57,9.54,5.16,5.39,2.21,0.2,0.82,5.16,5.5,2.31,0.15,0.39,0.5,5.47,4.76,0.49,2.32, 
2015-648-FA,TW3_1,yes,7/28/2015,17:52:54,48.145924,-123.572048,Grab, 15-648FA_21,0,0,0,0,0,0,0,0,0,0,0.07,0.12,0.15,1.15,3.76,7.74,12.68,16.47,16.93,13.65,8.45,4.01,1.58,0.74,0.56,0.49,0.42,0.37,0.39,0.47,0.6,0.7,0.77,0.8,0.79,0.77,0.71,0.65,0.59,0.51,0.45,0.39,0.35,0.33,0.31,0.28,0.26,0.22,0.17,0.11,0.06,0.01,0,0,0,85.18,10.79,4.03,14.82,2.25,2.43,2.57,2.74,3.12,3.57,3.92,5.91,7.64,3.12,3.21,1.15,0.43,2.68,3.12,3.25,0.68,0.19,2.7,2.99,3.56,2.57,2.41,8.61, 
2015-648-FA,TW3_2,yes,7/28/2015,17:56:16,48.145751,-123.571482,Grab, 15-648FA_22,0,0,0,0,0,0,0,0,0,0,0,0,0.04,0.8,2.92,5.84,10.49,15.84,18.84,16.82,11.05,5.24,1.88,0.74,0.52,0.44,0.35,0.3,0.31,0.37,0.45,0.52,0.56,0.57,0.57,0.54,0.5,0.45,0.4,0.34,0.3,0.28,0.26,0.26,0.26,0.24,0.24,0.19,0.13,0.08,0.04,0.01,0,0,0,87.89,9.07,3.04,12.11,2.32,2.51,2.67,2.84,3.19,3.58,3.81,4.32,7.04,3.19,3.23,1,0.36,2.63,3.19,3.24,0.57,0.09,2.61,3.15,3.51,1.97,2.86,11.76, 
2015-648-FA,TW3_3,yes,7/28/2015,17:59:46,48.145657,-123.570842,Grab, 15-648FA_23,2.23,0.29,0,0.02,0.2,0.61,1.09,1.53,2.16,3.06,3.64,3.92,4.38,5.2,6.16,7.37,9.39,11.41,11.88,9.81,6.15,2.81,0.96,0.37,0.28,0.23,0.19,0.16,0.17,0.2,0.25,0.3,0.33,0.35,0.34,0.32,0.29,0.26,0.23,0.2,0.18,0.17,0.16,0.15,0.14,0.12,0.11,0.08,0.07,0.05,0.03,0.01,0,0,2.51,90.79,5,1.7,6.69,0.35,0.91,1.33,1.85,2.72,3.26,3.49,3.73,4.85,2.72,2.51,1.22,-0.17,1.3,2.72,2.41,1.08,-0.29,-0.11,1.08,2.62,2.71,0.91,8.21, 
2015-648-FA,TW3_4,yes,7/28/2015,18:02:31,48.145544,-123.5707,Grab, 15-648FA_24,0,0,0,0,0.04,0.14,0.26,0.36,0.71,1.34,1.63,1.55,1.91,3.26,5.57,8.56,12.24,15.14,15.64,12.62,7.76,3.48,1.2,0.48,0.34,0.29,0.22,0.19,0.19,0.23,0.29,0.35,0.38,0.4,0.39,0.38,0.34,0.31,0.28,0.24,0.2,0.18,0.16,0.14,0.13,0.12,0.11,0.1,0.08,0.05,0.03,0.01,0,0,0,92.2,5.98,1.82,7.8,1.34,1.93,2.22,2.49,2.96,3.38,3.6,3.84,5.6,2.96,2.93,0.99,0.08,1.96,2.96,2.91,0.69,-0.07,0.74,2.11,3.07,1.78,2.37,12.14, 
2015-648-FA,T0_2,yes,7/28/2015,18:07:37,48.148391,-123.57067,Grab, 15-648FA_25,24.54,11.73,4.46,4.81,5.34,6.01,6.58,6.89,6.77,6.29,5.31,4.01,2.69,1.64,0.94,0.52,0.28,0.15,0.09,0.06,0.04,0.03,0.03,0.02,0.03,0.03,0.03,0.03,0.03,0.03,0.04,0.04,0.05,0.05,0.05,0.05,0.04,0.04,0.03,0.03,0.03,0.03,0.02,0.02,0.02,0.02,0.01,0.01,0.01,0.01,0,0,0,0,36.27,62.91,0.57,0.25,0.81,-3.59,-3.19,-2.7,-0.62,-0.29,0.67,1.03,1.33,1.71,-0.29,-0.65,1.73,-0.27,1.68,-0.29,-0.83,1.86,-0.29,-0.35,0.42,-0.32,2.14,1.2,8.45, 
2015-648-FA,T0_1,yes,7/28/2015,18:16:03,48.148432,-123.571198,Grab, 15-648FA_26,88.39,5.54,0.9,0.86,0.78,0.71,0.63,0.54,0.44,0.34,0.25,0.16,0.1,0.06,0.04,0.03,0.02,0.02,0.02,0.01,0.01,0.01,0,0,0.01,0.01,0.01,0.01,0.01,0.01,0.01,0.01,0.01,0.01,0.01,0.01,0.01,0,0,0,0,0,0,0,0,0,0,0,0,0,0,0,0,0,93.93,5.94,0.1,0.03,0.13,-3.89,-3.77,-3.64,-3.43,-2.87,-2.3,-2.1,-0.63,-0.7,-2.87,-2.87,0.87,0.18,1.15,-2.87,-2.87,0.77,0,0.75,1.07,-1.93,0.44,5.73,57.77, 
2015-648-FA,T0_A,yes,7/28/2015,18:18:12,48.148658,-123.571721,Grab, 15-648FA_27,0,1.7,0,0.08,0.24,0.44,0.62,0.72,0.9,1.32,1.69,1.98,2.43,3.03,3.54,3.91,4.53,5.44,6.28,6.59,6.09,4.98,3.78,2.96,2.57,2.33,2.09,1.87,1.77,1.81,1.96,2.08,2.13,2.09,1.99,1.86,1.66,1.49,1.31,1.11,0.97,0.86,0.79,0.73,0.69,0.62,0.59,0.49,0.39,0.27,0.15,0.04,0,0,1.7,54.83,34.45,9.02,43.47,0.81,1.53,2.06,2.64,3.69,5.9,7,7.83,8.93,3.69,4.25,2.46,0.32,1.02,3.69,4.53,2.47,0.34,0.48,0.64,4.24,6.06,0.52,2.91, 
2015-648-FA,T0_B,yes,7/28/2015,18:22:33,48.149095,-123.572453,Grab, 15-648FA_28,54.93,4.74,1,1.11,1.35,1.68,2,2.23,2.43,2.66,2.81,2.95,3.15,3.31,3.19,2.64,1.83,1.13,0.68,0.46,0.33,0.24,0.18,0.14,0.14,0.14,0.13,0.12,0.12,0.13,0.15,0.16,0.17,0.17,0.17,0.16,0.14,0.13,0.11,0.1,0.09,0.08,0.07,0.07,0.06,0.06,0.05,0.04,0.03,0.02,0.01,0,0,0,59.66,37.19,2.35,0.79,3.15,-3.82,-3.64,-3.42,-3.09,-2.18,1.08,1.83,2.29,2.97,-2.18,-1.26,2.34,0.52,0.67,-2.18,-0.8,2.62,0.53,0.67,0.29,-0.52,4.88,1.58,6, 
2015-648-FA,T1_0,yes,7/28/2015,18:29:29,48.150722,-123.569144,Grab, 15-648FA_29,95.99,0.78,0.24,0.25,0.27,0.3,0.34,0.36,0.35,0.3,0.24,0.17,0.11,0.06,0.04,0.02,0.02,0.01,0.01,0.01,0.01,0.01,0.01,0,0.01,0.01,0.01,0.01,0.01,0.01,0.01,0.01,0.01,0.01,0.01,0.01,0.01,0.01,0,0,0,0,0,0,0,0,0,0,0,0,0,0,0,0,96.77,3.11,0.09,0.03,0.12,-3.9,-3.79,-3.67,-3.48,-2.96,-2.44,-2.25,-2.13,-2.02,-2.96,-2.96,0.64,0,0.74,-2.96,-2.96,0.71,0,0,0.32,-2.03,0.32,8.68,111.2, 
2015-648-FA,T1_A,yes,7/28/2015,18:35:39,48.150956,-123.570028,Grab, 15-648FA_30,2.41,2.27,0.07,0.81,2.56,5.29,8.69,12.13,14.69,15.36,13.46,9.95,6.05,3.04,1.28,0.49,0.22,0.12,0.07,0.04,0.02,0.02,0.03,0.03,0.03,0.03,0.03,0.03,0.03,0.04,0.05,0.05,0.06,0.06,0.06,0.05,0.05,0.04,0.04,0.04,0.03,0.03,0.03,0.03,0.03,0.02,0.02,0.01,0.01,0,0,0,0,0,4.68,94.36,0.67,0.29,0.96,-0.4,-0.14,0.09,0.32,0.77,1.2,1.41,1.59,1.85,0.77,0.75,0.67,-0.03,1.04,0.77,0.75,0.66,-0.03,-0.06,0.7,0.75,1.04,2.2,22.72, 
2015-648-FA,T2_0,yes,7/28/2015,18:39:15,48.151609,-123.567179,Grab, 15-648FA_31,15.38,6.74,4.78,4.82,5.16,5.9,6.8,7.59,8.09,8.24,7.78,6.63,5.01,3.23,1.69,0.68,0.22,0.11,0.08,0.04,0.01,0.01,0.02,0.03,0.03,0.03,0.04,0.04,0.04,0.04,0.05,0.06,0.06,0.06,0.06,0.06,0.05,0.05,0.04,0.04,0.03,0.03,0.03,0.03,0.02,0.02,0.02,0.01,0.01,0.01,0,0,0,0,22.12,76.86,0.72,0.3,1.02,-3.35,-2.7,-0.62,-0.85,0.27,1.05,1.35,1.6,1.91,0.26,0.33,1.29,-0.13,1.13,0.26,0.37,0.98,0.11,-1,1.67,0.12,2.11,1.02,8.85, 
2015-648-FA,T1_B,yes,7/28/2015,18:44:12,48.151913,-123.572447,Grab, 15-648FA_32,95.83,0.52,0.43,0.33,0.26,0.23,0.22,0.19,0.17,0.15,0.13,0.11,0.09,0.09,0.08,0.07,0.06,0.05,0.04,0.05,0.05,0.06,0.06,0.06,0.06,0.06,0.05,0.05,0.04,0.04,0.04,0.04,0.04,0.04,0.03,0.03,0.02,0.02,0.02,0.01,0.01,0.01,0.01,0.01,0.01,0.01,0.01,0.01,0.01,0,0,0,0,0,96.35,2.85,0.69,0.11,0.8,-3.9,-3.79,-3.67,-3.48,-2.96,-2.44,-2.25,-2.12,-2.02,-2.96,-2.96,0.64,0,0.74,-2.96,-2.96,0.71,0,0,0.32,-1.98,0.81,7.95,74.91, 
2015-648-FA,T2_A,yes,7/28/2015,18:49:50,48.151824,-123.568013,Grab, 15-648FA_33,79.28,6.48,1.61,1.43,1.28,1.24,1.24,1.21,1.12,1.03,0.95,0.86,0.71,0.52,0.31,0.16,0.08,0.05,0.03,0.02,0.02,0.01,0.01,0.01,0.01,0.01,0.01,0.01,0.01,0.01,0.02,0.02,0.02,0.02,0.02,0.02,0.02,0.02,0.01,0.01,0.01,0.01,0.01,0.01,0.01,0.01,0.01,0,0,0,0,0,0,0,85.76,13.89,0.25,0.1,0.34,-3.87,-3.75,-3.6,-3.37,-2.74,-2.11,-0.8,-0.27,0.78,-2.74,-2.38,1.4,0.45,1.51,-2.74,-2.2,1.4,0.39,0.85,0.66,-1.68,1.16,3.6,22.88, 
2015-648-FA,T2_B,yes,7/28/2015,18:54:45,48.152673,-123.569583,Grab, 15-648FA_34,77,10.14,2.23,1.75,1.41,1.25,1.13,0.95,0.77,0.62,0.49,0.38,0.29,0.22,0.16,0.12,0.1,0.09,0.08,0.07,0.06,0.06,0.05,0.05,0.05,0.05,0.04,0.04,0.03,0.03,0.03,0.03,0.03,0.03,0.02,0.02,0.02,0.02,0.01,0.01,0.01,0.01,0.01,0.01,0.01,0.01,0.01,0,0,0,0,0,0,0,87.14,12.22,0.54,0.1,0.64,-3.87,-3.74,-3.58,-3.35,-2.7,-2.05,-0.77,-0.66,0.27,-2.7,-2.35,1.33,0.4,1.31,-2.7,-2.18,1.41,0.37,0.64,0.47,-1.69,1.13,4.29,29.87, 
2015-648-FA,T3_0,yes,7/28/2015,19:01:54,48.15241,-123.565334,Grab, 15-648FA_35,41.22,11.81,2.68,3.05,3.67,4.29,4.64,4.64,4.39,4.08,3.61,3.03,2.47,1.92,1.35,0.82,0.43,0.22,0.12,0.06,0.04,0.04,0.04,0.03,0.04,0.04,0.04,0.04,0.04,0.05,0.06,0.07,0.08,0.09,0.09,0.09,0.08,0.07,0.06,0.05,0.05,0.05,0.04,0.04,0.04,0.04,0.03,0.02,0.02,0.01,0.01,0,0,0,53.03,45.55,0.96,0.46,1.42,-3.76,-3.52,-3.22,-2.79,-0.81,0.45,0.97,1.41,1.93,-0.8,-1.02,1.91,-0.1,0.72,-0.8,-1.13,2.1,-0.15,-0.05,0.36,-0.65,2.9,1.82,9.41, 
2015-648-FA,T3_A,yes,7/28/2015,19:07:08,48.153015,-123.565468,Grab, 15-648FA_36,0,3.76,0.4,1.53,3.44,6.02,8.97,11.84,14.02,14.87,13.26,9.85,5.75,2.58,0.87,0.31,0.2,0.15,0.08,0.03,0.01,0.02,0.03,0.03,0.04,0.05,0.06,0.06,0.06,0.08,0.1,0.12,0.13,0.13,0.13,0.13,0.12,0.11,0.1,0.08,0.08,0.07,0.07,0.06,0.06,0.05,0.04,0.03,0.02,0.02,0.01,0,0,0,3.76,94.21,1.35,0.68,2.03,-0.54,-0.2,0.03,0.27,0.75,1.19,1.4,1.59,1.87,0.75,0.73,0.71,-0.06,1.07,0.75,0.71,0.68,-0.05,-0.12,0.76,0.81,1.44,3.73,25.37, 
2015-648-FA,T3_A duplicate,yes,7/28/2015,19:07:08,48.153015,-123.565468,Grab, 15-648FA_72,0.71,2.4,0,0.15,1.63,4.17,7.24,10.4,13.55,15.94,15.17,11.64,7.04,3.38,1.43,0.73,0.49,0.34,0.25,0.17,0.14,0.1,0.06,0.05,0.08,0.09,0.09,0.09,0.11,0.12,0.15,0.16,0.17,0.18,0.18,0.17,0.16,0.15,0.13,0.11,0.1,0.09,0.09,0.1,0.09,0.08,0.05,0.03,0.02,0.01,0.01,0,0,0,3.11,93.98,2,0.9,2.91,-0.24,0.04,0.24,0.47,0.91,1.33,1.53,1.75,2.29,0.91,0.9,0.71,0.03,1.2,0.91,0.89,0.65,-0.03,0.18,0.96,1.03,1.75,3.39,20.47, 
2015-648-FA,T3_B,yes,7/28/2015,19:12:47,48.153761,-123.566699,Grab, 15-648FA_37,96.11,0.92,0.3,0.24,0.22,0.21,0.19,0.15,0.13,0.12,0.1,0.08,0.07,0.07,0.06,0.05,0.05,0.05,0.05,0.05,0.05,0.05,0.05,0.05,0.05,0.05,0.04,0.04,0.04,0.04,0.04,0.04,0.03,0.03,0.03,0.03,0.02,0.02,0.02,0.01,0.01,0.01,0.01,0.01,0.01,0.01,0.01,0.01,0,0,0,0,0,0,97.03,2.27,0.59,0.11,0.7,-3.9,-3.79,-3.67,-3.48,-2.96,-2.44,-2.25,-2.13,-2.02,-2.96,-2.96,0.64,0,0.74,-2.96,-2.96,0.71,0,0,0.32,-1.99,0.72,8.64,87.88, 
2015-648-FA,T4_1,yes,7/28/2015,19:18:00,48.152659,-123.562485,Grab, 15-648FA_38,6.41,0.72,0,0.02,0.41,1.47,3.16,5.28,7.77,10.31,11.86,12.14,11.13,9.49,7.26,4.95,2.87,1.42,0.62,0.29,0.17,0.12,0.08,0.07,0.07,0.08,0.08,0.07,0.08,0.09,0.1,0.11,0.12,0.12,0.12,0.12,0.1,0.09,0.08,0.07,0.07,0.06,0.06,0.06,0.05,0.04,0.03,0.02,0.02,0.01,0.01,0,0,0,7.13,90.75,1.52,0.6,2.11,-2.44,0.1,0.44,0.74,1.31,1.86,2.13,2.38,2.73,1.31,1.29,1.2,-0.24,1.89,1.31,1.29,0.84,-0.02,-1.38,2.06,1.25,2.02,0.98,11.23, 
2015-648-FA,T4_0,yes,7/28/2015,19:21:01,48.153078,-123.56291,Grab, 15-648FA_39,3.46,4.03,1.22,1.86,2.9,4.19,5.67,7.29,9.19,11.44,12.71,12.25,9.73,6.15,2.91,1.02,0.37,0.28,0.24,0.15,0.1,0.08,0.07,0.07,0.08,0.09,0.1,0.1,0.1,0.12,0.14,0.16,0.17,0.17,0.16,0.16,0.14,0.13,0.12,0.1,0.09,0.08,0.08,0.07,0.07,0.06,0.05,0.04,0.03,0.02,0.01,0,0,0,7.48,89.74,1.96,0.81,2.77,-0.65,-0.56,-0.09,0.31,0.98,1.48,1.7,1.91,2.25,0.98,0.86,0.89,-0.15,1.02,0.98,0.81,0.89,-0.19,-0.19,0.62,0.94,2.13,2.14,14.09, 
2015-648-FA,T4_A,yes,7/28/2015,19:26:35,48.153495,-123.562529,Grab, 15-648FA_40,84.11,4.84,0.63,0.62,0.65,0.72,0.84,0.97,1.09,1.15,1.06,0.87,0.63,0.42,0.26,0.16,0.11,0.09,0.08,0.06,0.05,0.04,0.04,0.03,0.03,0.03,0.03,0.03,0.03,0.02,0.03,0.03,0.03,0.03,0.03,0.02,0.02,0.02,0.02,0.02,0.01,0.01,0.01,0.01,0.01,0.01,0.01,0.01,0,0,0,0,0,0,88.95,10.49,0.43,0.13,0.56,-3.88,-3.76,-3.62,-3.41,-2.81,-2.22,-2,-0.58,0.86,-2.81,-2.81,1.12,0.27,1.64,-2.81,-2.81,0.81,0,1.61,1.93,-1.73,1.27,4.12,26.49, 
2015-648-FA,T6_3,yes,7/28/2015,19:58:20,48.151776,-123.557031,Grab, 15-648FA_41,11.33,0.31,0,0,0.08,0.3,0.73,1.29,2.09,3.25,4.56,6.13,8.07,9.96,10.97,10.8,9.37,7.01,4.61,2.66,1.35,0.6,0.23,0.11,0.11,0.13,0.14,0.13,0.14,0.16,0.2,0.24,0.27,0.29,0.28,0.27,0.24,0.22,0.19,0.16,0.14,0.13,0.13,0.12,0.12,0.1,0.09,0.06,0.05,0.04,0.02,0,0,0,11.64,83.84,3.17,1.35,4.52,-3.12,-2.24,0.74,1.3,2.05,2.64,2.92,3.2,3.8,2.05,1.9,1.59,-0.35,2.12,2.05,1.83,1.09,-0.2,-1.56,2.17,1.82,3.76,0.3,6.29, 
2015-648-FA,T6_2,yes,7/28/2015,20:02:52,48.152758,-123.556825,Grab, 15-648FA_42,0,0.13,0,0,0.06,0.64,2.2,4.64,8.11,12.73,16.47,17.33,14.65,9.76,4.95,1.96,0.78,0.49,0.34,0.19,0.09,0.08,0.07,0.07,0.08,0.1,0.11,0.13,0.17,0.21,0.25,0.28,0.29,0.3,0.29,0.28,0.25,0.23,0.19,0.16,0.13,0.12,0.11,0.1,0.1,0.09,0.08,0.07,0.06,0.04,0.02,0.01,0,0,0.13,95.47,3.12,1.28,4.4,0.38,0.59,0.76,0.94,1.33,1.72,1.93,2.16,3.07,1.33,1.34,0.7,0.16,1.42,1.33,1.34,0.59,0.03,0.68,1.29,1.55,1.92,3.69,18.99, 
2015-648-FA,T6_1,yes,7/28/2015,20:09:35,48.153556,-123.557117,Grab, 15-648FA_43,98.79,0.37,0.08,0.06,0.06,0.06,0.06,0.05,0.04,0.04,0.03,0.03,0.02,0.02,0.02,0.02,0.02,0.02,0.02,0.02,0.01,0.01,0.01,0.01,0.01,0.01,0.01,0.01,0.01,0.01,0.01,0.01,0.01,0.01,0.01,0.01,0.01,0,0,0,0,0,0,0,0,0,0,0,0,0,0,0,0,0,99.16,0.66,0.15,0.02,0.18,-3.9,-3.8,-3.68,-3.49,-2.99,-2.48,-2.3,-2.18,-2.08,-2.99,-2.99,0.62,0,0.74,-2.99,-2.99,0.69,0,0,0.32,-2.09,0.19,16.1,305.32, 
2015-648-FA,T8_1,yes,7/28/2015,20:16:12,48.154187,-123.551335,Grab, 15-648FA_44,98.56,0.73,0.06,0.04,0.04,0.04,0.04,0.03,0.03,0.03,0.02,0.02,0.02,0.02,0.02,0.02,0.02,0.02,0.02,0.01,0.01,0.01,0.01,0.01,0.01,0.01,0.01,0.01,0.01,0.01,0.01,0.01,0.01,0.01,0.01,0.01,0.01,0.01,0,0,0,0,0,0,0,0,0,0,0,0,0,0,0,0,99.29,0.52,0.16,0.03,0.19,-3.9,-3.8,-3.68,-3.49,-2.99,-2.48,-2.3,-2.17,-2.07,-2.99,-2.99,0.62,0,0.74,-2.99,-2.99,0.69,0,0,0.32,-2.09,0.2,16.35,312.3, 
2015-648-FA,T8_2,yes,7/28/2015,20:20:13,48.152563,-123.552175,Grab, 15-648FA_45,0.97,0.31,0,0.03,0.29,1,2.51,4.86,8.35,13.05,16.82,17.59,14.69,9.47,4.49,1.51,0.51,0.41,0.35,0.21,0.09,0.05,0.05,0.05,0.06,0.07,0.07,0.08,0.09,0.1,0.13,0.14,0.16,0.16,0.16,0.15,0.13,0.12,0.11,0.09,0.08,0.08,0.07,0.07,0.06,0.05,0.04,0.03,0.02,0.02,0.01,0,0,0,1.28,96.27,1.72,0.73,2.45,0.25,0.5,0.7,0.89,1.28,1.66,1.84,2,2.34,1.28,1.27,0.6,0,1.12,1.28,1.27,0.57,-0.02,0.03,0.83,1.36,1.36,3.44,23.81, 
2015-648-FA,T8_3,yes,7/28/2015,20:22:48,48.151919,-123.552628,Grab, 15-648FA_46,0,0.52,0,0,0,0.09,0.43,0.88,1.8,3.67,6.58,10.51,14.42,16.52,15.38,11.46,6.78,3.41,1.64,0.86,0.48,0.28,0.16,0.12,0.13,0.14,0.15,0.14,0.15,0.18,0.22,0.25,0.27,0.27,0.26,0.25,0.22,0.2,0.17,0.15,0.13,0.12,0.11,0.11,0.1,0.09,0.07,0.05,0.04,0.03,0.02,0,0,0,0.52,95.17,3.1,1.21,4.31,0.86,1.12,1.31,1.51,1.92,2.34,2.56,2.82,3.53,1.92,1.93,0.72,0.11,1.32,1.92,1.94,0.63,0.02,0.44,1.13,2.09,1.64,3.23,17.58, 
2015-648-FA,T8_3 duplicate,yes,7/28/2015,20:22:48,48.151919,-123.552628,Grab, 15-648FA_73,0,0.63,0,0,0,0.01,0.17,0.68,1.78,3.77,6.57,10.12,13.81,15.89,15.04,11.54,7.01,3.67,1.87,1.06,0.62,0.33,0.16,0.12,0.13,0.14,0.14,0.14,0.16,0.2,0.26,0.31,0.34,0.35,0.34,0.33,0.3,0.28,0.25,0.22,0.19,0.18,0.17,0.16,0.15,0.12,0.1,0.08,0.06,0.04,0.02,0.01,0,0,0.63,93.94,3.69,1.74,5.43,0.89,1.13,1.32,1.53,1.95,2.39,2.64,2.95,4.79,1.95,1.97,0.92,0.25,1.84,1.95,1.98,0.66,0.04,1.35,1.95,2.18,2.05,3.04,14.79, 
2015-648-FA,T8_5,yes,7/28/2015,20:24:51,48.15117,-123.552732,Grab, 15-648FA_47,0,0.37,0,0.01,0.19,0.8,1.83,3.16,4.91,7.29,9.69,11.81,13.05,12.96,11.23,8.36,5.16,2.72,1.25,0.54,0.26,0.15,0.11,0.09,0.1,0.12,0.12,0.13,0.14,0.17,0.21,0.25,0.28,0.28,0.28,0.26,0.24,0.21,0.18,0.16,0.14,0.12,0.12,0.11,0.1,0.09,0.08,0.06,0.05,0.03,0.02,0,0,0,0.37,95.37,3,1.27,4.26,0.41,0.7,0.93,1.18,1.7,2.2,2.45,2.71,3.34,1.69,1.69,0.83,0.06,1.17,1.69,1.69,0.76,-0.01,0.24,0.92,1.86,1.9,3.02,15.77, 
2015-648-FA,T8_4,yes,7/28/2015,20:28:14,48.151368,-123.552827,Grab, 15-648FA_48,0,0.09,0,0,0,0.05,0.23,0.5,0.93,1.65,2.61,4.23,6.91,10.28,13.28,14.68,13.84,10.75,6.9,3.67,1.67,0.73,0.36,0.23,0.19,0.18,0.18,0.18,0.2,0.25,0.32,0.38,0.42,0.43,0.43,0.41,0.37,0.34,0.31,0.27,0.24,0.22,0.2,0.18,0.17,0.15,0.13,0.1,0.08,0.06,0.03,0.01,0,0,0.09,92.91,4.87,2.14,7,1.16,1.49,1.72,1.95,2.41,2.88,3.14,3.46,6.19,2.41,2.42,1.12,0.26,2.21,2.41,2.43,0.71,0.02,1.77,2.52,2.65,2.15,2.74,12.36, 
2015-648-FA,T10_5,yes,7/28/2015,20:32:06,48.150565,-123.548159,Grab, 15-648FA_49,0,0,0,0,0,0.02,0.11,0.27,0.61,1.17,1.87,3.22,5.9,9.65,13.41,15.73,15.44,12.45,8.31,4.57,2.06,0.81,0.33,0.19,0.14,0.13,0.12,0.11,0.12,0.14,0.18,0.22,0.25,0.26,0.25,0.24,0.22,0.19,0.17,0.15,0.14,0.13,0.13,0.12,0.12,0.1,0.08,0.06,0.05,0.03,0.02,0,0,0,0,95.59,3.09,1.32,4.41,1.34,1.64,1.84,2.05,2.47,2.9,3.12,3.35,3.81,2.47,2.48,0.7,0.05,1.18,2.47,2.48,0.64,0.01,0.16,0.92,2.61,1.42,3.22,17.86, 
2015-648-FA,T10_4,yes,7/28/2015,20:35:14,48.151077,-123.54804,Grab, 15-648FA_50,0,0.07,0,0,0,0.03,0.21,0.47,1.04,2.12,3.66,5.9,8.99,12.17,14.15,14.15,11.98,8.69,5.4,2.89,1.35,0.58,0.27,0.17,0.15,0.16,0.16,0.16,0.17,0.22,0.28,0.34,0.38,0.39,0.39,0.37,0.34,0.3,0.27,0.24,0.21,0.19,0.18,0.17,0.16,0.14,0.12,0.09,0.07,0.05,0.03,0.01,0,0,0.07,93.77,4.25,1.91,6.16,1.09,1.37,1.58,1.81,2.27,2.75,3.02,3.33,5.63,2.27,2.29,1.05,0.26,1.97,2.27,2.3,0.72,0.04,1.51,2.16,2.5,2.04,2.88,13.41, 
2015-648-FA,T10_3,yes,7/28/2015,20:37:42,48.151613,-123.547579,Grab, 15-648FA_51,0,0.29,0,0,0,0.07,0.42,0.88,1.71,3.31,5.81,9.26,13.03,15.32,14.59,11.19,7.07,4.07,2.31,1.3,0.69,0.36,0.19,0.15,0.17,0.2,0.22,0.23,0.26,0.32,0.41,0.49,0.54,0.56,0.55,0.53,0.48,0.44,0.39,0.33,0.29,0.26,0.23,0.22,0.2,0.18,0.16,0.12,0.1,0.07,0.04,0.01,0,0,0.29,91.38,5.73,2.6,8.33,0.9,1.16,1.36,1.57,2,2.48,2.81,3.38,6.82,2,2.06,1.26,0.37,2.67,2,2.09,0.73,0.12,2.56,3.08,2.37,2.81,2.64,10.56, 
2015-648-FA,T10_2,yes,7/28/2015,20:40:02,48.152207,-123.547202,Grab, 15-648FA_52,0,1.02,0,0,0.06,0.59,1.96,3.88,6.69,10.74,14.54,16.54,15.21,11.22,6.54,3.12,1.45,0.87,0.56,0.31,0.16,0.1,0.08,0.08,0.09,0.11,0.12,0.13,0.15,0.18,0.23,0.26,0.29,0.3,0.3,0.28,0.26,0.23,0.21,0.18,0.15,0.14,0.13,0.12,0.11,0.09,0.08,0.06,0.05,0.04,0.02,0,0,0,1.02,94.52,3.08,1.38,4.46,0.36,0.61,0.8,1,1.42,1.83,2.06,2.33,3.28,1.42,1.42,0.76,0.15,1.43,1.42,1.43,0.63,0.02,0.64,1.32,1.63,2.02,3.34,17.12, 
2015-648-FA,T10_1,yes,7/28/2015,20:44:27,48.153788,-123.545607,Grab, 15-648FA_53,100,0,0,0,0,0,0,0,0,0,0,0,0,0,0,0,0,0,0,0,0,0,0,0,0,0,0,0,0,0,0,0,0,0,0,0,0,0,0,0,0,0,0,0,0,0,0,0,0,0,0,0,0,0,100,0,0,0,0,-3.9,-3.8,-3.68,-3.5,-3,-2.5,-2.32,-2.2,-2.1,-3,-3,0.61,0,0.74,-3,-3,0.68,0,0,0.32,-2.13,0,0,0,
2015-648-FA,T12_1,yes,7/28/2015,20:49:15,48.15417,-123.540432,Grab, 15-648FA_54,17.32,10.17,1.17,1.73,2.69,3.89,5.21,6.54,7.89,9.16,9.45,8.45,6.32,3.91,1.99,0.9,0.44,0.28,0.2,0.15,0.11,0.07,0.04,0.03,0.05,0.06,0.07,0.06,0.07,0.08,0.09,0.11,0.12,0.12,0.12,0.12,0.11,0.1,0.09,0.08,0.07,0.06,0.06,0.06,0.05,0.05,0.04,0.03,0.02,0.01,0.01,0,0,0,27.48,70.56,1.33,0.63,1.96,-3.42,-2.85,-2.15,-0.81,0.54,1.25,1.51,1.75,2.13,0.54,-0.03,1.76,-0.45,1.11,0.54,-0.32,1.83,-0.47,-0.65,0.52,0.28,2.89,1.22,8.47, 
2015-648-FA,T12_0,yes,7/28/2015,20:54:38,48.1571,-123.537632,Grab, 15-648FA_55,99.02,0.98,0,0,0,0,0,0,0,0,0,0,0,0,0,0,0,0,0,0,0,0,0,0,0,0,0,0,0,0,0,0,0,0,0,0,0,0,0,0,0,0,0,0,0,0,0,0,0,0,0,0,0,0,100,0,0,0,0,-3.9,-3.8,-3.68,-3.5,-2.99,-2.49,-2.3,-2.18,-2.08,-2.99,-2.99,0.62,0,0.74,-2.99,-2.99,0.69,0,0,0.32,-2.12,0.01,9.96,100.26,
2015-648-FA,T12_2,yes,7/28/2015,21:02:47,48.15133,-123.542169,Grab, 15-648FA_56,1.85,1.96,0,0,0,0.12,0.6,1.31,2.67,5.15,8.55,12.45,15.42,15.88,13.19,8.76,4.52,2.05,0.94,0.5,0.29,0.16,0.1,0.08,0.09,0.1,0.1,0.11,0.12,0.14,0.18,0.21,0.23,0.24,0.24,0.23,0.2,0.18,0.16,0.13,0.12,0.11,0.1,0.1,0.09,0.08,0.07,0.05,0.04,0.03,0.02,0,0,0,3.81,92.55,2.55,1.09,3.64,0.36,0.84,1.08,1.32,1.75,2.17,2.39,2.61,3.14,1.75,1.74,0.75,-0.01,1.32,1.75,1.73,0.65,-0.02,0,1.12,1.81,1.95,2.06,14.51, 
2015-648-FA,T12_3,yes,7/28/2015,21:04:49,48.150288,-123.543364,Grab, 15-648FA_57,26.74,0.46,0,0,0,0.03,0.16,0.37,0.82,1.66,2.67,4.14,6.47,9.12,11.02,11.09,9.05,5.82,3.01,1.35,0.61,0.33,0.19,0.14,0.14,0.15,0.16,0.15,0.17,0.2,0.25,0.29,0.32,0.33,0.32,0.3,0.27,0.24,0.22,0.18,0.16,0.15,0.13,0.12,0.12,0.1,0.09,0.07,0.05,0.04,0.02,0,0,0,27.2,67.73,3.62,1.45,5.07,-3.63,-3.25,-2.8,-2.13,1.94,2.51,2.76,3.03,4.08,1.94,0.63,2.56,-0.57,0.68,1.94,-0.02,2.78,-0.7,-0.61,0.39,1.25,5.78,0.26,3.81, 
2015-648-FA,T12_4,yes,7/28/2015,21:07:23,48.149586,-123.543692,Grab, 15-648FA_58,0,0,0,0,0.02,0.07,0.16,0.21,0.47,1.12,1.61,2.25,3.95,6.85,10.4,13.62,15.28,13.99,10.41,6.32,3.13,1.34,0.57,0.31,0.25,0.26,0.26,0.24,0.25,0.29,0.37,0.45,0.5,0.53,0.52,0.5,0.46,0.42,0.37,0.32,0.29,0.27,0.25,0.24,0.22,0.19,0.16,0.12,0.09,0.06,0.04,0.01,0,0,0,91.18,6.19,2.63,8.82,1.41,1.76,1.98,2.21,2.66,3.12,3.39,3.78,6.78,2.66,2.68,1.16,0.29,2.41,2.66,2.69,0.7,0.04,2.04,2.81,2.93,2.31,2.57,10.84, 
2015-648-FA,T12_5,yes,7/28/2015,21:10:46,48.14919,-123.543945,Grab, 15-648FA_59,0,0,0,0,0,0.04,0.21,0.46,0.93,1.74,2.56,3.88,6.56,10.33,13.89,15.53,14.17,10.24,5.88,2.75,1.18,0.56,0.32,0.21,0.19,0.21,0.23,0.24,0.28,0.36,0.46,0.54,0.59,0.61,0.59,0.56,0.51,0.46,0.41,0.35,0.31,0.27,0.25,0.23,0.22,0.19,0.16,0.13,0.1,0.07,0.04,0.01,0,0,0,90.9,6.37,2.73,9.1,1.17,1.51,1.74,1.97,2.41,2.86,3.15,3.67,6.94,2.41,2.43,1.23,0.31,2.64,2.41,2.44,0.7,0.05,2.35,3.11,2.73,2.62,2.55,10.15, 
2015-648-FA,T12_5 duplicate,yes,7/28/2015,21:10:46,48.14919,-123.543945,Grab, 15-648FA_74,0,0,0,0,0,0.02,0.15,0.34,0.81,1.74,2.64,3.86,6.42,10.32,14.3,16.29,14.96,10.79,6.21,2.91,1.23,0.59,0.35,0.23,0.17,0.16,0.17,0.17,0.19,0.23,0.29,0.35,0.39,0.4,0.4,0.38,0.34,0.31,0.27,0.23,0.2,0.19,0.18,0.17,0.16,0.14,0.12,0.08,0.07,0.05,0.03,0.01,0,0,0,93.59,4.53,1.88,6.41,1.19,1.52,1.75,1.98,2.4,2.82,3.05,3.34,5.71,2.4,2.4,1.01,0.23,2.19,2.4,2.4,0.65,0,1.62,2.47,2.61,1.94,2.95,13.81, 
2015-648-FA,T14_5,yes,7/28/2015,21:14:21,48.147858,-123.539401,Grab, 15-648FA_60,0,0,0,0,0,0,0,0.02,0.2,0.63,0.68,0.75,1.93,4.76,8.88,13.19,16.04,15.43,12.16,7.76,4.08,1.85,0.82,0.46,0.36,0.33,0.31,0.3,0.33,0.42,0.54,0.63,0.69,0.71,0.69,0.66,0.6,0.55,0.49,0.42,0.37,0.33,0.29,0.27,0.25,0.21,0.19,0.15,0.12,0.08,0.05,0.01,0,0,0,88.36,8.41,3.23,11.64,1.81,2.04,2.21,2.4,2.8,3.26,3.59,4.75,7.27,2.8,2.87,1.17,0.39,2.6,2.8,2.9,0.69,0.15,2.52,2.95,3.19,2.53,2.45,9.27, 
2015-648-FA,T14_4,yes,7/28/2015,21:18:10,48.148432,-123.538757,Grab, 15-648FA_61,0,0,0,0,0,0.01,0.07,0.28,0.83,1.66,2.52,4.24,7.99,13,16.71,16.99,13.38,8.1,3.91,1.66,0.77,0.41,0.21,0.12,0.13,0.16,0.17,0.18,0.21,0.28,0.38,0.46,0.51,0.53,0.52,0.5,0.45,0.4,0.35,0.3,0.26,0.22,0.2,0.18,0.17,0.15,0.13,0.11,0.09,0.06,0.03,0.01,0,0,0,92.55,5.19,2.26,7.45,1.22,1.52,1.71,1.91,2.29,2.7,2.94,3.29,6.58,2.29,2.32,1.12,0.33,2.78,2.29,2.33,0.61,0.06,2.62,3.36,2.59,2.27,2.9,12.3, 
2015-648-FA,T14_3,yes,7/28/2015,21:21:47,48.149009,-123.538486,Grab, 15-648FA_62,0,0,0,0,0,0.27,0.97,1.7,2.59,4.02,6.23,9.5,13.27,15.9,15.34,11.76,6.76,3,1.16,0.59,0.42,0.26,0.11,0.08,0.13,0.18,0.19,0.19,0.21,0.25,0.33,0.39,0.43,0.43,0.42,0.39,0.35,0.32,0.28,0.24,0.21,0.19,0.17,0.16,0.15,0.13,0.11,0.09,0.07,0.05,0.03,0.01,0,0,0,93.75,4.39,1.86,6.25,0.71,1.02,1.26,1.49,1.94,2.36,2.59,2.89,5.92,1.94,1.93,1.12,0.25,2.47,1.94,1.92,0.67,-0.02,2.07,2.92,2.18,2.25,2.97,13.38, 
2015-648-FA,T14_2,yes,7/28/2015,21:27:54,48.149902,-123.537328,Grab, 15-648FA_63,99.53,0.21,0.01,0.01,0.01,0.01,0.01,0.01,0.01,0.01,0.01,0.01,0.01,0.01,0.01,0.01,0.01,0.01,0.01,0.01,0.01,0.01,0,0,0,0,0,0,0,0,0,0,0,0,0,0,0,0,0,0,0,0,0,0,0,0,0,0,0,0,0,0,0,0,99.74,0.17,0.07,0.02,0.08,-3.9,-3.8,-3.68,-3.5,-3,-2.49,-2.31,-2.19,-2.09,-3,-3,0.62,0,0.74,-3,-3,0.68,0,0,0.32,-2.11,0.09,25.7,750.89, 
2015-648-FA,T14_1,yes,7/28/2015,21:32:33,48.151314,-123.535591,Grab, 15-648FA_64,94.58,3.14,0.14,0.12,0.1,0.09,0.09,0.08,0.08,0.09,0.11,0.14,0.17,0.19,0.17,0.14,0.1,0.07,0.05,0.03,0.02,0.02,0.01,0.01,0.01,0.01,0.01,0.01,0.01,0.01,0.01,0.01,0.02,0.02,0.02,0.02,0.01,0.01,0.01,0.01,0.01,0.01,0.01,0.01,0.01,0.01,0,0,0,0,0,0,0,0,97.73,1.99,0.22,0.07,0.29,-3.89,-3.79,-3.66,-3.47,-2.94,-2.41,-2.22,-2.1,-0.62,-2.94,-2.94,0.86,0.21,1.27,-2.94,-2.94,0.72,0,0.96,1.28,-2,0.51,8.81,100.51, 
2015-648-FA,T15_5,yes,7/28/2015,21:41:01,48.146518,-123.536563,Grab, 15-648FA_65,21.39,0,0,0,0,0.05,0.3,0.63,1.1,1.71,2.24,3,4.63,7.2,9.87,11.46,11.03,8.56,5.47,2.87,1.3,0.6,0.33,0.21,0.17,0.17,0.17,0.18,0.2,0.24,0.3,0.36,0.4,0.41,0.4,0.39,0.35,0.32,0.29,0.25,0.22,0.2,0.19,0.17,0.16,0.14,0.12,0.09,0.07,0.05,0.03,0.01,0,0,21.39,72.02,4.59,2,6.59,-3.53,-3.07,-2.5,0.98,2.2,2.76,3.04,3.37,5.94,2.2,0.91,2.82,-0.46,2.18,2.2,0.27,2.77,-0.7,-0.36,0.71,1.67,5.89,0.21,4.09, 
2015-648-FA,T15_4,yes,7/28/2015,21:45:43,48.146904,-123.536079,Grab, 15-648FA_66,0,0,0,0,0,0.18,0.72,1.55,2.81,4.76,7.2,10.18,13.1,14.79,14.13,11.12,6.92,3.54,1.65,0.83,0.5,0.3,0.17,0.14,0.15,0.15,0.15,0.16,0.18,0.22,0.29,0.34,0.37,0.39,0.38,0.37,0.33,0.3,0.27,0.22,0.19,0.16,0.14,0.12,0.11,0.1,0.1,0.08,0.07,0.05,0.03,0.01,0,0,0,94.26,4.1,1.64,5.74,0.74,1,1.22,1.45,1.92,2.38,2.62,2.93,5.21,1.92,1.92,1.03,0.24,1.98,1.92,1.92,0.7,0,1.5,2.18,2.15,2.1,3.01,14.07, 
2015-648-FA,T15_2,yes,7/28/2015,21:53:38,48.149048,-123.533361,Grab, 15-648FA_67,100,0,0,0,0,0,0,0,0,0,0,0,0,0,0,0,0,0,0,0,0,0,0,0,0,0,0,0,0,0,0,0,0,0,0,0,0,0,0,0,0,0,0,0,0,0,0,0,0,0,0,0,0,0,100,0,0,0,0,-3.9,-3.8,-3.68,-3.5,-3,-2.5,-2.32,-2.2,-2.1,-3,-3,0.61,0,0.74,-3,-3,0.68,0,0,0.32,-2.13,0,0,0, 
2015-648-FA,T16_5,yes,7/28/2015,21:58:16,48.145343,-123.534327,Grab, 15-648FA_68,0,0,0,0,0,0.05,0.32,0.7,1.34,2.47,3.64,5.12,7.6,10.85,13.72,14.75,13,9.19,5.25,2.52,1.12,0.53,0.28,0.17,0.16,0.18,0.2,0.21,0.24,0.31,0.4,0.47,0.51,0.53,0.51,0.49,0.44,0.39,0.35,0.29,0.26,0.23,0.22,0.2,0.19,0.16,0.14,0.11,0.09,0.06,0.03,0.01,0,0,0,92.17,5.49,2.34,7.83,1.01,1.33,1.59,1.85,2.33,2.79,3.06,3.45,6.6,2.33,2.32,1.21,0.26,2.44,2.33,2.32,0.73,0,2.02,2.81,2.59,2.43,2.63,11.06, 
2015-648-FA,T17_5,yes,7/28/2015,22:07:17,48.143037,-123.531537,Grab, 15-648FA_69,0,0,0,0,0,0,0,0.06,0.47,1.4,2.19,3.29,5.74,9.58,13.67,16.09,15.35,11.55,7,3.59,1.7,0.82,0.41,0.24,0.22,0.23,0.23,0.23,0.26,0.32,0.39,0.44,0.47,0.47,0.45,0.43,0.38,0.34,0.3,0.25,0.22,0.19,0.18,0.16,0.15,0.13,0.12,0.09,0.07,0.05,0.03,0.01,0,0,0,92.51,5.52,1.97,7.49,1.33,1.63,1.84,2.05,2.47,2.91,3.16,3.5,6.22,2.47,2.49,1.07,0.29,2.34,2.47,2.5,0.66,0.05,1.98,2.7,2.72,2.02,2.84,12.58, 
2015-648-FA,T17_4,yes,7/28/2015,22:10:50,48.143571,-123.531288,Grab, 15-648FA_70,100,0,0,0,0,0,0,0,0,0,0,0,0,0,0,0,0,0,0,0,0,0,0,0,0,0,0,0,0,0,0,0,0,0,0,0,0,0,0,0,0,0,0,0,0,0,0,0,0,0,0,0,0,0,100,0,0,0,0,-3.9,-3.8,-3.68,-3.5,-3,-2.5,-2.32,-2.2,-2.1,-3,-3,0.61,0,0.74,-3,-3,0.68,0,0,0.32,-2.13,0,0,0,
2015-648-FA,4SP1,yes,7/24/2015,N.A.,48.15257,-123.55704,Diver, 15-648FA-DEN_01,0,0,0,0,0,0.02,0.33,1.19,2.82,5.82,9.93,14.24,16.68,15.93,12.09,7.24,3.41,1.56,0.87,0.59,0.39,0.25,0.16,0.14,0.16,0.19,0.2,0.2,0.22,0.26,0.33,0.38,0.42,0.43,0.43,0.41,0.37,0.34,0.3,0.26,0.23,0.21,0.19,0.17,0.16,0.13,0.12,0.09,0.07,0.05,0.03,0.01,0,0,0,93.35,4.63,2.02,6.65,0.79,1,1.17,1.35,1.74,2.17,2.42,2.8,6.1,1.74,1.77,1.12,0.37,2.66,1.74,1.79,0.63,0.09,2.73,3.24,2.06,2.39,3.12,13.55, 
2015-648-FA,A1,yes,7/23/2015,N.A.,48.138708,-123.585867,Diver, 15-648FA-DEN_02,0,0,0,0,0,0,0,0,0.16,0.7,0.73,0.35,0.35,0.91,2.13,4.69,9.66,15.55,18.8,16.99,11.53,6.03,2.71,1.35,0.87,0.59,0.41,0.3,0.25,0.24,0.26,0.28,0.29,0.3,0.29,0.28,0.26,0.24,0.22,0.2,0.19,0.2,0.2,0.22,0.23,0.23,0.23,0.2,0.17,0.12,0.07,0.01,0,0,0,88.58,8.92,2.5,11.42,2.23,2.5,2.68,2.85,3.2,3.59,3.81,4.13,5.69,3.2,3.23,0.81,0.26,1.93,3.2,3.24,0.56,0.07,1.34,2.07,3.41,1.7,3.04,15.18, 
2015-648-FA,A2,yes,7/26/2016,N.A.,48.141303,-123.587997,Diver, 15-648FA-DEN_03,8.71,9.44,0.03,0.23,0.63,1.15,1.81,2.54,3.21,3.71,3.77,3.43,2.79,2.1,1.58,1.36,1.44,1.69,1.91,2.05,2.14,2.17,2.19,2.34,2.54,2.64,2.56,2.37,2.22,2.14,2.14,2.13,2.09,2,1.86,1.72,1.52,1.36,1.2,1.02,0.9,0.8,0.72,0.66,0.63,0.57,0.54,0.45,0.37,0.25,0.14,0.03,0,0,18.14,39.73,33.84,8.29,42.12,-2.85,-0.62,-0.82,0.54,3.05,5.78,6.84,7.69,8.8,3.05,3.02,3.68,-0.01,0.91,3.05,3.01,3.83,-0.01,-0.02,0.52,3.12,11.52,0.18,2.06, 
2015-648-FA,C1,yes,7/22/2015,N.A.,48.145252,-123.573277,Diver, 15-648FA-DEN_04,0,0,0,0,0,0,0,0,0,0,0,0,0.01,0.22,0.81,1.77,3.08,4.28,5.05,5.2,4.79,3.98,3.27,3.09,3.29,3.44,3.38,3.24,3.25,3.45,3.8,4.03,4.11,4.02,3.78,3.5,3.09,2.74,2.38,1.99,1.71,1.49,1.32,1.2,1.12,1,0.96,0.79,0.63,0.43,0.25,0.06,0,0,0,29.2,55.47,15.33,70.8,2.69,2.99,3.29,3.74,5.59,7.23,7.94,8.64,9.55,5.59,5.6,2.2,0.08,0.81,5.59,5.61,2.32,0.01,0.23,0.48,5.68,4.63,0.34,2.24, 
2015-648-FA,C2,yes,8/7/2015,N.A.,48.147841,-123.576297,Diver, 15-648FA-DEN_05,0,0,0,0,0.01,0.05,0.13,0.2,0.29,0.45,0.5,0.42,0.28,0.29,0.65,1.36,2.25,3.05,3.71,4.11,4.08,3.78,3.5,3.55,3.8,3.96,3.89,3.74,3.72,3.86,4.12,4.25,4.22,4.05,3.75,3.43,3,2.65,2.3,1.92,1.66,1.46,1.29,1.18,1.1,0.98,0.93,0.77,0.61,0.42,0.24,0.06,0,0,0,25.61,59.48,14.9,74.39,2.55,3.01,3.4,3.96,5.63,7.18,7.89,8.6,9.52,5.63,5.64,2.18,0.06,0.89,5.63,5.65,2.25,0.01,0.18,0.55,5.68,4.7,0.17,2.54, 
2015-648-FA,D2,yes,8/5/2015,N.A.,48.15233,-123.56863,Diver, 15-648FA-DEN_06,58.49,13.7,2.06,2.21,2.41,2.53,2.5,2.34,2.19,2.09,1.9,1.62,1.29,0.96,0.68,0.49,0.37,0.31,0.27,0.22,0.17,0.13,0.1,0.07,0.06,0.06,0.05,0.04,0.04,0.04,0.04,0.05,0.05,0.05,0.05,0.05,0.04,0.04,0.03,0.03,0.02,0.02,0.02,0.02,0.02,0.02,0.01,0.01,0.01,0,0,0,0,0,72.19,26.76,0.82,0.23,1.05,-3.83,-3.66,-3.45,-3.15,-2.29,-0.66,0.26,0.94,1.68,-2.29,-1.83,1.76,0.41,0.91,-2.29,-1.6,1.86,0.37,0.66,0.48,-1.17,2.3,2.38,11.57, 
2015-648-FA,E2,yes,7/22/2015,N.A.,48.15653,-123.56164,Diver, 15-648FA-DEN_07,38.27,2.63,1.08,1.49,2.25,3.27,4.41,5.46,6.33,6.61,5.78,4.25,2.82,1.89,1.44,1.31,1.31,1.25,1.12,0.95,0.76,0.55,0.38,0.3,0.27,0.25,0.22,0.2,0.19,0.19,0.2,0.21,0.22,0.22,0.21,0.2,0.18,0.17,0.15,0.13,0.12,0.11,0.11,0.11,0.11,0.09,0.08,0.05,0.04,0.03,0.02,0,0,0,40.9,54.34,3.61,1.15,4.76,-3.74,-3.48,-3.16,-2.69,0.06,1.14,1.69,2.63,3.89,0.06,-0.47,2.37,-0.16,0.82,0.06,-0.74,2.43,-0.33,0,0.57,0.02,5.14,1.37,5.79, 
2015-648-FA,F1-a,yes,7/23/2015,N.A.,48.15293,-123.55045,Diver, 15-648FA-DEN_08,64.26,1.43,0,0.03,0.34,1.06,2.12,3.39,4.71,5.76,5.73,4.57,2.86,1.39,0.58,0.32,0.26,0.2,0.13,0.08,0.05,0.04,0.03,0.02,0.03,0.03,0.03,0.03,0.03,0.03,0.03,0.04,0.04,0.04,0.04,0.04,0.03,0.03,0.03,0.02,0.02,0.02,0.02,0.02,0.02,0.01,0.01,0.01,0,0,0,0,0,0,65.69,33.62,0.51,0.19,0.7,-3.84,-3.69,-3.5,-3.22,-2.44,0.64,1.04,1.31,1.64,-2.44,-1.64,1.97,0.51,0.58,-2.44,-1.23,2.27,0.53,0.59,0.21,-1,2.74,1.44,6.04, 
2015-648-FA,F2,yes,8/20/2015,N.A.,48.15672,-123.55003,Diver, 15-648FA-DEN_09,48.28,5.98,0.87,0.93,0.98,1.04,1.14,1.27,1.46,1.78,2.23,2.81,3.47,4.03,4.32,4.18,3.63,2.83,2.01,1.33,0.86,0.58,0.42,0.32,0.26,0.22,0.19,0.17,0.16,0.16,0.17,0.17,0.18,0.17,0.16,0.16,0.14,0.13,0.12,0.1,0.09,0.08,0.07,0.07,0.06,0.06,0.05,0.04,0.04,0.02,0.01,0,0,0,54.27,41.72,3.18,0.83,4.01,-3.79,-3.59,-3.34,-2.96,-0.63,1.93,2.46,2.89,3.63,-0.63,-0.5,2.57,0.11,0.62,-0.63,-0.44,2.9,0.06,0.19,0.28,-0.1,5.83,1.06,3.93, 
2015-648-FA,F2 duplicate,yes,8/20/2015,N.A.,48.15672,-123.55003,Diver, 15-648FA-DEN_51,47.72,5.62,0.84,0.9,0.93,1,1.09,1.22,1.42,1.75,2.2,2.77,3.38,3.91,4.2,4.13,3.7,3.01,2.25,1.55,1.03,0.68,0.47,0.35,0.29,0.25,0.22,0.2,0.19,0.2,0.21,0.21,0.22,0.21,0.2,0.19,0.17,0.16,0.14,0.12,0.11,0.09,0.09,0.08,0.07,0.07,0.06,0.05,0.04,0.03,0.02,0,0,0,53.34,41.95,3.73,0.97,4.71,-3.79,-3.58,-3.33,-2.95,-0.65,2.02,2.56,3.02,3.89,-0.65,-0.47,2.64,0.14,0.63,-0.65,-0.38,2.95,0.09,0.24,0.3,-0.01,6.23,1.05,3.85, 
2015-648-FA,GP1,yes,8/23/2015,N.A.,48.118525,-123.315716,Diver, 15-648FA-DEN_10,47.72,10.13,1.17,1.25,1.32,1.42,1.57,1.77,2.06,2.48,2.89,3.19,3.22,2.95,2.45,1.89,1.48,1.29,1.23,1.17,1.02,0.79,0.56,0.4,0.33,0.3,0.28,0.25,0.23,0.22,0.22,0.22,0.22,0.21,0.2,0.19,0.18,0.17,0.16,0.14,0.13,0.13,0.12,0.12,0.11,0.1,0.1,0.08,0.07,0.05,0.03,0.01,0,0,57.85,36.61,4.2,1.33,5.53,-3.79,-3.58,-3.33,-2.95,-0.62,1.35,2.09,2.95,4.24,-0.62,-0.62,2.57,0.1,0.76,-0.62,-0.62,2.71,0,0.31,0.48,-0.25,6.05,1.52,5.45, 
2015-648-FA,GP2,yes,8/23/2015,N.A.,48.127811,-123.316792,Diver, 15-648FA-DEN_11,7.57,2.61,0.04,0.27,0.83,1.57,2.34,3.16,4.47,7.02,10.21,12.69,12.95,10.72,7.22,4.19,2.46,1.74,1.3,0.89,0.58,0.41,0.31,0.26,0.24,0.22,0.2,0.18,0.17,0.17,0.18,0.19,0.2,0.2,0.2,0.19,0.18,0.17,0.16,0.15,0.14,0.15,0.15,0.15,0.15,0.13,0.11,0.08,0.07,0.05,0.03,0.01,0,0,10.18,85.05,3.26,1.51,4.77,-2.68,-0.94,0.32,0.84,1.45,1.97,2.27,2.72,3.86,1.45,1.35,1.48,-0.21,2.38,1.45,1.29,0.98,-0.16,-0.88,2.35,1.41,3.27,1.28,8.92, 
2015-648-FA,H1,yes,8/7/2015,N.A.,48.147918,-123.535065,Diver, 15-648FA-DEN_12,66.06,9.84,1.83,1.86,1.92,2,2.05,1.99,1.87,1.7,1.43,1.09,0.8,0.64,0.6,0.61,0.65,0.64,0.55,0.4,0.25,0.15,0.09,0.07,0.06,0.05,0.05,0.04,0.04,0.04,0.05,0.05,0.05,0.05,0.05,0.05,0.04,0.04,0.03,0.03,0.03,0.02,0.02,0.02,0.02,0.02,0.01,0.01,0.01,0.01,0,0,0,0,75.9,23.04,0.82,0.24,1.06,-3.85,-3.7,-3.52,-3.24,-2.49,-0.92,0.06,0.83,1.96,-2.49,-1.98,1.77,0.48,1.03,-2.49,-1.73,1.79,0.42,0.86,0.62,-1.28,2.4,2.58,11.99, 
2015-648-FA,H2,yes,7/24/2015,N.A.,48.150082,-123.532443,Diver, 15-648FA-DEN_13,64.55,5.91,0.2,0.27,0.42,0.61,0.77,0.85,0.94,1.13,1.38,1.77,2.38,3,3.34,3.2,2.59,1.85,1.21,0.77,0.49,0.31,0.21,0.15,0.12,0.11,0.1,0.09,0.08,0.08,0.09,0.1,0.1,0.09,0.09,0.08,0.07,0.07,0.06,0.05,0.05,0.04,0.04,0.04,0.04,0.03,0.03,0.02,0.01,0.01,0.01,0,0,0,70.46,27.49,1.63,0.42,2.05,-3.85,-3.69,-3.5,-3.23,-2.45,0.86,1.99,2.44,2.98,-2.45,-1.32,2.41,0.6,0.68,-2.45,-0.76,2.74,0.62,0.73,0.24,-0.8,4.49,1.56,5.23, 
2015-648-FA,J1,yes,7/25/2015,N.A.,48.136077,-123.479686,Diver, 15-648FA-DEN_14,39.59,7.13,0.01,0.13,0.46,0.91,1.36,1.74,2.17,2.72,2.94,2.88,2.98,3.44,4.1,4.53,4.33,3.43,2.41,1.67,1.23,0.94,0.77,0.7,0.68,0.65,0.59,0.53,0.48,0.44,0.42,0.4,0.37,0.34,0.31,0.28,0.25,0.22,0.19,0.17,0.15,0.14,0.14,0.13,0.13,0.11,0.09,0.07,0.05,0.04,0.02,0,0,0,46.72,44.39,7.45,1.43,8.88,-3.75,-3.5,-3.19,-2.74,0.31,2.39,2.94,3.71,5.48,0.31,0.02,2.93,-0.01,0.74,0.31,-0.13,3.06,-0.14,0.18,0.51,0.47,7.37,0.86,3.33, 
2015-648-FA,K1,yes,8/8/2015,N.A.,48.135929,-123.510494,Diver, 15-648FA-DEN_15,62.42,3.52,0.55,0.64,0.73,0.84,0.99,1.14,1.32,1.57,1.87,2.23,2.59,2.84,2.9,2.73,2.39,1.96,1.51,1.09,0.75,0.5,0.33,0.23,0.18,0.16,0.14,0.13,0.12,0.12,0.12,0.12,0.12,0.12,0.11,0.11,0.1,0.09,0.08,0.07,0.07,0.06,0.06,0.05,0.05,0.04,0.04,0.04,0.03,0.02,0.01,0,0,0,65.93,31.14,2.3,0.63,2.93,-3.84,-3.68,-3.49,-3.2,-2.4,1.18,2.07,2.62,3.31,-2.4,-1.27,2.47,0.6,0.67,-2.4,-0.71,2.78,0.61,0.77,0.29,-0.64,5.07,1.5,5.13, 
2015-648-FA,L1,yes,7/26/2015,N.A.,48.139575,-123.593936,Diver, 15-648FA-DEN_16,8.55,2.16,0,0,0.12,0.35,0.84,1.37,2.18,3.54,4.97,6.17,6.9,6.66,5.45,3.96,3.14,3.22,3.58,3.55,3.03,2.33,1.83,1.63,1.6,1.58,1.5,1.4,1.35,1.35,1.39,1.41,1.39,1.33,1.24,1.14,1.01,0.91,0.81,0.7,0.62,0.57,0.53,0.5,0.48,0.43,0.4,0.32,0.25,0.17,0.1,0.02,0,0,10.71,61.35,22.06,5.88,27.94,-2.83,-0.76,0.79,1.29,2.3,4.42,5.95,7.04,8.28,2.3,3.01,2.97,0.25,1.46,2.3,3.37,2.58,0.41,0.17,1.15,2.87,8.11,0.46,3.08, 
2015-648-FA,F1-b,yes,7/24/2015,N.A.,48.15293,-123.55045,Diver, 15-648FA-DEN_17,74.55,1.91,0,0.02,0.18,0.52,1.06,1.8,2.67,3.46,3.69,3.2,2.29,1.4,0.82,0.54,0.41,0.31,0.21,0.14,0.09,0.07,0.04,0.03,0.03,0.03,0.03,0.03,0.03,0.03,0.03,0.03,0.04,0.03,0.03,0.03,0.03,0.03,0.02,0.02,0.02,0.02,0.02,0.02,0.02,0.01,0.01,0.01,0,0,0,0,0,0,76.45,22.89,0.5,0.16,0.66,-3.87,-3.73,-3.57,-3.33,-2.66,-0.62,0.85,1.26,1.71,-2.66,-1.79,1.95,0.58,0.84,-2.66,-1.36,2.21,0.59,0.72,0.26,-1.29,2.48,2.01,8.09, 
2015-648-FA,SS1,yes,8/14/2015,N.A.,48.150566,-123.556497,surface, 15-648FA-DEN_18,18.36,17.13,2.64,2.74,2.98,3.43,4.01,4.53,4.96,5.22,5.1,4.77,4.45,4.18,3.9,3.45,2.71,1.81,1,0.48,0.22,0.12,0.08,0.06,0.06,0.06,0.07,0.06,0.07,0.07,0.09,0.1,0.11,0.11,0.11,0.1,0.09,0.08,0.07,0.06,0.06,0.06,0.05,0.05,0.05,0.04,0.03,0.02,0.01,0.01,0.01,0,0,0,35.48,62.69,1.31,0.52,1.83,-3.46,-2.91,-2.26,-0.65,0.17,1.46,1.97,2.37,2.81,0.17,-0.04,2.01,-0.15,1.22,0.17,-0.14,2.11,-0.15,-0.23,0.48,0.21,3.38,1.03,5.77, 
2015-648-FA,SS2,yes,8/14/2015,N.A.,48.150952,-123.554513,surface, 15-648FA-DEN_19,1.29,1.12,0,0.05,0.51,1.41,2.54,3.62,4.91,6.82,8.97,10.98,12.4,12.49,11.07,8.4,5.24,2.71,1.16,0.46,0.23,0.17,0.12,0.09,0.09,0.11,0.11,0.11,0.12,0.14,0.17,0.19,0.21,0.21,0.21,0.2,0.18,0.16,0.14,0.13,0.11,0.11,0.1,0.09,0.09,0.07,0.06,0.04,0.03,0.02,0.01,0,0,0,2.4,94.14,2.43,1.02,3.46,0.08,0.47,0.77,1.09,1.66,2.18,2.42,2.66,3.1,1.66,1.62,0.87,-0.06,1.13,1.66,1.6,0.82,-0.08,-0.09,0.83,1.71,1.93,2.17,14, 
2015-648-FA,SS3,yes,8/14/2015,N.A.,48.151097,-123.556583,surface, 15-648FA-DEN_20,0,0.11,0,0.03,0.39,1.34,2.86,4.81,7.18,9.99,12.52,13.97,13.78,11.84,8.59,5.08,2.33,0.95,0.45,0.29,0.18,0.12,0.09,0.08,0.09,0.11,0.12,0.12,0.12,0.14,0.16,0.19,0.2,0.2,0.19,0.18,0.16,0.15,0.13,0.11,0.1,0.09,0.09,0.08,0.07,0.06,0.05,0.04,0.03,0.02,0.01,0,0,0,0.11,96.7,2.3,0.89,3.19,0.27,0.52,0.73,0.96,1.45,1.92,2.15,2.38,2.8,1.45,1.44,0.74,0.03,1.08,1.45,1.44,0.71,-0.01,0.12,0.78,1.58,1.53,3.41,19.81, 
2015-648-FA,SS4,yes,8/14/2015,N.A.,48.150847,-123.55267,surface, 15-648FA-DEN_21,0,0,0,0,0.02,0.19,0.51,0.88,1.46,2.57,4.49,7.62,11.77,15.6,17.17,15.4,10.8,5.81,2.31,0.7,0.27,0.15,0.1,0.08,0.07,0.08,0.08,0.08,0.08,0.09,0.11,0.12,0.13,0.14,0.13,0.12,0.11,0.1,0.09,0.08,0.07,0.07,0.06,0.06,0.06,0.05,0.04,0.03,0.02,0.02,0.01,0,0,0,0,97.73,1.62,0.65,2.27,0.95,1.25,1.46,1.67,2.08,2.46,2.65,2.81,3.07,2.08,2.06,0.62,-0.05,1.1,2.08,2.05,0.59,-0.04,-0.11,0.78,2.13,0.99,3.55,24.93, 
2015-648-FA,SS5,yes,8/14/2015,N.A.,48.15026,-123.548436,surface, 15-648FA-DEN_22,0,0,0,0,0,0.01,0.23,0.61,1.03,1.91,3.46,6.19,10.21,14.37,16.64,15.79,11.82,6.88,3.08,1.09,0.43,0.3,0.25,0.18,0.16,0.16,0.17,0.18,0.2,0.24,0.29,0.34,0.36,0.37,0.36,0.34,0.31,0.28,0.25,0.22,0.2,0.18,0.16,0.15,0.14,0.12,0.1,0.08,0.06,0.04,0.02,0.01,0,0,0,94.08,4.19,1.73,5.92,1.11,1.38,1.58,1.78,2.19,2.6,2.81,3.06,5.25,2.19,2.19,0.94,0.25,2.07,2.19,2.19,0.62,0.01,1.61,2.35,2.4,1.89,3.15,15.03, 
2015-648-FA,SS6,yes,8/14/2015,N.A.,48.150423,-123.558119,surface, 15-648FA-DEN_23,20.02,2.61,6.89,7.67,8.9,9.97,10.43,9.82,8.36,6.13,3.89,2.14,1.04,0.49,0.25,0.12,0.07,0.05,0.04,0.03,0.02,0.02,0.02,0.02,0.03,0.03,0.03,0.03,0.03,0.03,0.04,0.05,0.06,0.06,0.06,0.06,0.06,0.05,0.05,0.04,0.04,0.04,0.04,0.03,0.03,0.03,0.02,0.01,0.01,0.01,0,0,0,0,22.63,76.34,0.66,0.37,1.03,-3.5,-3,-2.4,-0.88,-0.15,0.47,0.73,0.97,1.28,-0.15,-0.61,1.51,-0.42,1.46,-0.15,-0.84,1.57,-0.44,-0.61,0.53,-0.26,1.82,1.86,14.72, 
2015-648-FA,SS7,yes,8/14/2015,N.A.,48.150839,-123.558339,surface, 15-648FA-DEN_24,21.72,0.55,0.09,1,2.93,5.68,8.66,11.13,12.29,11.6,9.36,6.5,3.9,2.04,0.94,0.39,0.18,0.1,0.06,0.03,0.01,0.01,0.01,0.02,0.02,0.02,0.02,0.02,0.02,0.03,0.04,0.04,0.05,0.05,0.05,0.05,0.05,0.04,0.04,0.04,0.03,0.03,0.03,0.03,0.03,0.02,0.02,0.01,0.01,0.01,0,0,0,0,22.27,76.9,0.53,0.3,0.83,-3.54,-3.08,-2.53,-0.31,0.47,0.99,1.22,1.44,1.72,0.47,-0.28,1.73,-0.56,1.66,0.47,-0.65,1.87,-0.6,-0.73,0.4,0.14,2.12,0.6,8.24, 
2015-648-FA,SS8,yes,8/14/2015,N.A.,48.151284,-123.558614,surface, 15-648FA-DEN_25,27.18,13.89,7.88,7.24,6.89,6.95,7.06,6.77,5.9,4.37,2.66,1.25,0.46,0.19,0.13,0.09,0.05,0.03,0.03,0.02,0.02,0.02,0.02,0.02,0.02,0.03,0.03,0.03,0.03,0.04,0.04,0.05,0.05,0.06,0.06,0.06,0.05,0.05,0.04,0.04,0.03,0.03,0.03,0.03,0.03,0.02,0.02,0.01,0.01,0.01,0,0,0,0,41.07,57.99,0.64,0.31,0.94,-3.63,-3.26,-2.82,-2.16,-0.71,0.18,0.51,0.76,1.08,-0.71,-1.01,1.55,-0.25,0.83,-0.71,-1.16,1.66,-0.27,-0.34,0.42,-0.64,1.79,2.17,15.5, 
2015-648-FA,SS9,yes,8/14/2015,N.A.,48.152021,-123.561591,surface, 15-648FA-DEN_26,38.31,23.72,7.22,6.62,6.13,5.64,4.7,3.3,1.9,0.94,0.49,0.27,0.15,0.08,0.03,0.02,0.02,0.01,0.01,0.01,0,0,0.01,0.01,0.01,0.01,0.01,0.01,0.01,0.02,0.02,0.02,0.02,0.02,0.02,0.02,0.02,0.02,0.02,0.02,0.01,0.01,0.01,0.01,0.01,0.01,0.01,0.01,0,0,0,0,0,0,62.03,37.55,0.28,0.14,0.41,-3.74,-3.48,-3.17,-2.7,-0.68,-0.53,-0.16,0.12,0.45,-0.68,-1.34,1.39,-0.56,0.79,-0.68,-1.66,1.5,-0.66,-0.64,0.39,-1.13,1.12,2.6,22.04, 
2015-648-FA,SS10,yes,8/14/2015,N.A.,48.151425,-123.561109,surface, 15-648FA-DEN_27,29.17,1.14,0,0.12,0.59,1.85,4.27,7.34,10.36,12.35,11.8,9.13,5.72,2.98,1.34,0.56,0.19,0.03,0,0,0,0.01,0.01,0.01,0.01,0.02,0.02,0.02,0.03,0.03,0.04,0.05,0.06,0.07,0.07,0.07,0.07,0.06,0.06,0.05,0.05,0.04,0.04,0.03,0.03,0.03,0.03,0.02,0.02,0.01,0.01,0,0,0,30.32,68.63,0.64,0.41,1.05,-3.66,-3.31,-2.9,-2.29,0.64,1.17,1.39,1.58,1.84,0.64,-0.29,1.91,-0.61,0.65,0.64,-0.76,2.14,-0.65,-0.72,0.28,0.1,2.79,0.6,6.61, 
2015-648-FA,SS11,yes,8/14/2015,N.A.,48.150854,-123.560689,surface, 15-648FA-DEN_28,52.14,5.82,2.68,2.79,3.29,4.14,4.83,5.12,4.99,4.41,3.43,2.41,1.52,0.85,0.43,0.21,0.12,0.08,0.05,0.03,0.01,0.01,0.01,0.02,0.02,0.02,0.02,0.02,0.02,0.02,0.03,0.03,0.03,0.04,0.04,0.04,0.03,0.03,0.03,0.03,0.02,0.02,0.02,0.02,0.02,0.02,0.01,0.01,0.01,0,0,0,0,0,57.96,41.4,0.42,0.22,0.64,-3.81,-3.62,-3.39,-3.04,-2.08,0.22,0.66,0.99,1.39,-2.08,-1.6,1.8,0.35,0.65,-2.08,-1.36,2.02,0.36,0.43,0.28,-0.95,2.19,1.65,9.02, 
2015-648-FA,SS12,yes,8/14/2015,N.A.,48.150389,-123.560399,surface, 15-648FA-DEN_29,0,0,1.32,1.13,1.16,1.76,2.92,4.12,5,5.33,4.83,3.71,2.48,1.6,1.18,1,0.91,0.92,1,1.11,1.23,1.36,1.55,1.87,2.24,2.53,2.65,2.71,2.89,3.22,3.6,3.78,3.76,3.55,3.23,2.87,2.44,2.07,1.73,1.41,1.19,1.02,0.91,0.84,0.8,0.73,0.7,0.59,0.48,0.33,0.19,0.04,0,0,0,44.08,44.95,10.97,55.92,-0.04,0.37,0.69,1.12,4.78,6.76,7.46,8.14,9.17,4.78,4.31,3.09,-0.13,0.67,4.78,4.07,3.38,-0.21,-0.06,0.36,4.27,9.6,0.05,1.78, 
2015-648-FA,SS13,yes,8/14/2015,N.A.,48.15,-123.560061,surface, 15-648FA-DEN_30,0,0,0,0,0,0,0,0,0,0,0,0,0,0.12,0.15,0.03,0.1,0.17,0.2,0.33,0.42,0.66,1.12,1.95,3.06,4.03,4.7,5.23,5.88,6.54,7.12,7.24,7.01,6.49,5.8,5.08,4.25,3.58,2.97,2.41,2.02,1.74,1.56,1.44,1.37,1.24,1.2,1.01,0.81,0.57,0.33,0.08,0,0,0,2.18,79.08,18.74,97.82,4.48,4.87,5.2,5.62,6.54,7.59,8.23,8.94,9.8,6.53,6.66,1.56,0.17,1.11,6.53,6.72,1.52,0.12,0.4,0.75,6.7,2.48,0.45,3.17, 
2015-648-FA,SS14,yes,8/14/2015,N.A.,48.149213,-123.561822,surface, 15-648FA-DEN_31,0,0,0,0.01,0.31,1.35,2.92,4.77,6.84,8.96,10.42,11.3,11.8,11.6,10.42,8.01,5.05,2.6,1.06,0.35,0.12,0.05,0.04,0.05,0.05,0.05,0.04,0.04,0.05,0.06,0.08,0.1,0.12,0.13,0.14,0.13,0.12,0.11,0.1,0.09,0.08,0.08,0.07,0.07,0.06,0.05,0.04,0.03,0.02,0.02,0.01,0,0,0,0,97.94,1.32,0.74,2.06,0.28,0.53,0.74,1,1.57,2.12,2.35,2.56,2.87,1.57,1.56,0.79,-0.01,0.95,1.57,1.55,0.8,-0.03,0,0.61,1.65,1.31,3.16,20.64, 
2015-648-FA,SS15,yes,8/14/2015,N.A.,48.149845,-123.562391,surface, 15-648FA-DEN_32,0,0,0,0,0,0,0,0,0,0.24,0.8,1.17,1.54,2.18,2.93,3.46,3.55,3.34,3.12,2.96,2.87,2.89,3.14,3.71,4.34,4.77,4.89,4.78,4.62,4.42,4.21,3.9,3.54,3.15,2.75,2.38,2,1.7,1.45,1.22,1.08,0.99,0.92,0.87,0.85,0.78,0.75,0.63,0.5,0.35,0.2,0.05,0,0,0,31.06,58.31,10.62,68.94,1.9,2.34,2.76,3.48,5.16,6.58,7.32,8.11,9.25,5.15,5.08,2.25,0.03,0.97,5.15,5.04,2.28,-0.05,0.18,0.61,5.19,4.76,0.33,2.64, 
2015-648-FA,SS16,yes,8/14/2015,N.A.,48.150332,-123.562771,surface, 15-648FA-DEN_33,11.97,18.7,6.01,6.96,8.17,8.71,8.17,7.16,5.88,4.38,2.92,1.84,1.24,0.98,0.88,0.84,0.84,0.76,0.61,0.46,0.31,0.19,0.14,0.12,0.1,0.09,0.08,0.07,0.07,0.08,0.09,0.09,0.1,0.1,0.1,0.1,0.09,0.08,0.07,0.06,0.05,0.05,0.05,0.05,0.04,0.04,0.03,0.02,0.02,0.01,0.01,0,0,0,30.68,67.32,1.5,0.5,2,-3.17,-2.33,-0.62,-0.78,-0.3,0.47,0.88,1.38,2.55,-0.3,-0.01,1.24,0.29,1.88,-0.3,0.13,0.75,0.58,-0.01,2.82,-0.12,2.42,2.21,12.15, 
2015-648-FA,SS16 duplicate,yes,8/14/2015,N.A.,48.150332,-123.562771,surface, 15-648FA-DEN_52,14.59,18.12,2.41,3.05,4.29,5.61,6.34,6.04,5.32,4.68,3.71,2.62,2.05,1.93,2,2.2,2.48,2.5,2.23,1.7,1.12,0.67,0.38,0.23,0.18,0.17,0.15,0.13,0.13,0.14,0.16,0.19,0.21,0.22,0.22,0.22,0.2,0.19,0.17,0.14,0.12,0.11,0.11,0.11,0.11,0.1,0.08,0.05,0.04,0.03,0.02,0,0,0,32.71,62.96,3.14,1.2,4.34,-3.31,-2.63,-0.62,-0.71,0.08,1.33,2.39,3.01,3.75,0.08,0.62,1.82,0.29,1.42,0.08,0.89,1.5,0.54,0.09,1.35,0.4,4.49,1.49,6.4, 
2015-648-FA,SS18,yes,8/27/2015,N.A.,48.149358,-123.564755,surface, 15-648FA-DEN_34,49.72,20.51,1.53,1.23,1.12,1.28,1.59,1.87,2.06,2.3,2.54,2.61,2.44,2.05,1.57,1.11,0.77,0.55,0.38,0.26,0.18,0.13,0.11,0.09,0.1,0.1,0.1,0.1,0.1,0.1,0.11,0.12,0.12,0.12,0.11,0.11,0.1,0.08,0.07,0.06,0.06,0.05,0.05,0.05,0.04,0.04,0.03,0.02,0.02,0.01,0.01,0,0,0,70.23,27.59,1.66,0.52,2.18,-3.8,-3.6,-3.36,-2.99,-0.62,-0.08,1.08,1.67,2.38,-0.62,-0.97,2.04,-0.13,0.87,-0.62,-1.14,2.22,-0.23,-0.04,0.39,-0.85,3.45,2.16,9.3, 
2015-648-FA,SS19,yes,8/27/2015,N.A.,48.149728,-123.565152,surface, 15-648FA-DEN_35,87.57,3.03,0.92,0.61,0.28,0.2,0.33,0.43,0.49,0.66,0.83,0.85,0.74,0.61,0.48,0.36,0.25,0.17,0.12,0.09,0.07,0.05,0.04,0.04,0.04,0.04,0.03,0.03,0.03,0.04,0.04,0.04,0.05,0.05,0.05,0.04,0.04,0.04,0.03,0.03,0.02,0.02,0.02,0.02,0.02,0.02,0.01,0.01,0.01,0.01,0,0,0,0,90.6,8.54,0.63,0.22,0.86,-3.89,-3.77,-3.64,-3.43,-2.86,-2.29,-2.08,-0.85,1.15,-2.86,-2.86,1.15,0.3,1.81,-2.86,-2.86,0.78,0,1.92,2.24,-1.75,1.55,4.58,29.18, 
2015-648-FA,SS20,yes,8/27/2015,N.A.,48.15001,-123.565207,surface, 15-648FA-DEN_36,0,0.41,0.36,0.86,1.73,2.87,4.12,5.15,5.99,6.74,7.1,7.1,6.82,6.21,5.25,4.13,3.05,2.24,1.75,1.49,1.32,1.19,1.09,1.1,1.17,1.22,1.22,1.19,1.19,1.24,1.31,1.34,1.34,1.28,1.19,1.1,0.97,0.87,0.77,0.66,0.58,0.52,0.48,0.44,0.41,0.37,0.33,0.27,0.21,0.15,0.08,0.02,0,0,0.41,75.46,18.83,5.3,24.13,-0.09,0.23,0.52,0.89,1.78,3.82,5.74,6.89,8.1,1.78,2.68,2.54,0.53,1.15,1.78,3.13,2.61,0.52,0.85,0.57,2.67,6.63,1.18,3.54, 
2015-648-FA,SS21,yes,8/27/2015,N.A.,48.150946,-123.566493,surface, 15-648FA-DEN_37,66.19,6.42,0.39,0.7,1.28,2.02,2.79,3.33,3.49,3.3,2.79,2.19,1.6,1.08,0.66,0.4,0.24,0.15,0.1,0.07,0.04,0.03,0.02,0.02,0.02,0.02,0.02,0.02,0.02,0.03,0.03,0.04,0.04,0.04,0.04,0.04,0.04,0.03,0.03,0.03,0.02,0.02,0.02,0.02,0.02,0.02,0.01,0.01,0.01,0.01,0,0,0,0,72.61,26.67,0.49,0.23,0.72,-3.85,-3.7,-3.52,-3.25,-2.49,-0.25,0.56,1.01,1.51,-2.49,-1.81,1.83,0.49,0.73,-2.49,-1.48,2.04,0.5,0.65,0.31,-1.23,2.28,2.18,10.59, 
2015-648-FA,SS22,yes,8/27/2015,N.A.,48.150167,-123.565665,surface, 15-648FA-DEN_38,43.77,9.93,0.27,0.7,1.44,2.3,3.12,3.82,4.44,4.99,4.95,4.4,3.52,2.61,1.85,1.3,0.92,0.67,0.48,0.35,0.28,0.23,0.2,0.19,0.19,0.18,0.17,0.16,0.16,0.16,0.18,0.19,0.19,0.19,0.18,0.17,0.15,0.14,0.12,0.1,0.09,0.08,0.08,0.07,0.07,0.06,0.05,0.04,0.03,0.02,0.01,0,0,0,53.7,42.66,2.79,0.85,3.64,-3.77,-3.54,-3.27,-2.86,-0.74,1.01,1.49,1.97,2.99,-0.74,-0.84,2.21,0.02,0.72,-0.74,-0.89,2.38,-0.06,0.15,0.42,-0.34,4.56,1.58,6.62, 
2015-648-FA,SS23,yes,8/27/2015,N.A.,48.150523,-123.562804,surface, 15-648FA-DEN_39,3.42,4.5,0.59,0.84,1.32,1.99,2.84,3.84,5.06,6.31,7.01,7.33,7.51,7.53,7.21,6.45,5.26,3.94,2.86,2.1,1.55,1.09,0.72,0.49,0.4,0.35,0.31,0.29,0.29,0.31,0.37,0.43,0.47,0.5,0.5,0.49,0.45,0.42,0.38,0.33,0.29,0.26,0.24,0.22,0.21,0.19,0.17,0.13,0.11,0.08,0.04,0.01,0,0,7.93,82.63,6.79,2.65,9.44,-0.64,-0.37,0.29,0.78,1.67,2.56,3.09,3.87,6.75,1.67,1.68,1.82,0.2,1.7,1.67,1.69,1.4,0.01,0.99,1.64,1.87,4.55,1.32,6.19, 
2015-648-FA,SS24,yes,8/28/2015,N.A.,48.139552,-123.577355,surface, 15-648FA-DEN_40,0,0.04,0,0,0.02,0.22,0.54,0.77,1.14,1.86,2.47,3.28,5.44,9.37,14.04,17.28,17.09,12.96,7.34,2.94,0.81,0.24,0.18,0.13,0.07,0.05,0.05,0.05,0.05,0.06,0.08,0.1,0.12,0.13,0.13,0.12,0.11,0.1,0.09,0.08,0.07,0.06,0.05,0.05,0.05,0.04,0.04,0.03,0.03,0.02,0.01,0,0,0,0.04,97.79,1.54,0.63,2.16,1.05,1.48,1.76,2,2.41,2.78,2.95,3.12,3.34,2.41,2.37,0.65,-0.15,1.21,2.41,2.35,0.6,-0.1,-0.37,0.92,2.41,0.95,2.92,22.38, 
2015-648-FA,SS25,yes,8/28/2015,N.A.,48.141916,-123.573098,surface, 15-648FA-DEN_41,0,0.04,0,0.03,0.62,2.15,4.35,6.77,9,11,12.18,12.68,12.18,10.5,7.93,5.02,2.53,1.05,0.39,0.16,0.08,0.04,0.03,0.03,0.03,0.04,0.04,0.04,0.04,0.05,0.06,0.07,0.08,0.08,0.08,0.07,0.07,0.06,0.06,0.05,0.05,0.05,0.04,0.04,0.04,0.04,0.03,0.02,0.01,0.01,0.01,0,0,0,0.04,98.66,0.86,0.44,1.29,0.15,0.37,0.56,0.8,1.33,1.85,2.08,2.28,2.55,1.33,1.32,0.74,0,0.94,1.33,1.32,0.76,-0.01,0.03,0.59,1.39,1,3.23,24.49, 
2015-648-FA,SS26,yes,8/28/2015,N.A.,48.144961,-123.569773,surface, 15-648FA-DEN_42,0,0.08,0,0,0.14,1.25,3.51,6.48,9.9,13.59,15.72,15.33,12.71,8.78,5.02,2.35,0.93,0.41,0.22,0.13,0.08,0.06,0.05,0.05,0.07,0.09,0.09,0.1,0.11,0.13,0.17,0.19,0.22,0.22,0.22,0.21,0.19,0.17,0.15,0.13,0.11,0.1,0.1,0.09,0.09,0.07,0.06,0.05,0.04,0.03,0.01,0,0,0,0.08,96.61,2.27,1.04,3.31,0.25,0.46,0.63,0.83,1.24,1.68,1.9,2.12,2.53,1.24,1.26,0.66,0.09,1.1,1.24,1.26,0.63,0.04,0.24,0.8,1.42,1.63,3.88,22.08, 
2015-648-FA,SS27,yes,8/28/2015,N.A.,48.147612,-123.569734,surface, 15-648FA-DEN_43,65.25,9.9,4.1,3.44,3.02,2.94,2.92,2.64,2.12,1.49,0.91,0.48,0.22,0.11,0.06,0.04,0.02,0.01,0.01,0.01,0.01,0.01,0.01,0.01,0.01,0.01,0.01,0.01,0.01,0.01,0.01,0.01,0.02,0.02,0.02,0.02,0.02,0.01,0.01,0.01,0.01,0.01,0.01,0.01,0.01,0.01,0.01,0,0,0,0,0,0,0,75.15,24.56,0.2,0.1,0.29,-3.85,-3.69,-3.51,-3.23,-2.47,-0.99,-0.39,0.12,0.59,-2.47,-2.12,1.45,0.35,0.81,-2.47,-1.95,1.56,0.33,0.54,0.42,-1.48,1.15,2.68,18.08, 
2015-648-FA,SS28,yes,8/28/2015,N.A.,48.147347,-123.569234,surface, 15-648FA-DEN_44,73.95,5.19,0.49,0.92,1.55,2.09,2.49,2.7,2.76,2.63,2.16,1.45,0.76,0.32,0.12,0.06,0.04,0.02,0.01,0.01,0.01,0.01,0,0.01,0.01,0.01,0.01,0.01,0.01,0.01,0.01,0.01,0.02,0.02,0.02,0.02,0.01,0.01,0.01,0.01,0.01,0.01,0.01,0.01,0.01,0.01,0.01,0,0,0,0,0,0,0,79.14,20.58,0.19,0.09,0.28,-3.87,-3.73,-3.57,-3.32,-2.65,-0.62,-0.02,0.56,1.03,-2.65,-2.08,1.63,0.49,0.74,-2.65,-1.79,1.77,0.48,0.69,0.38,-1.51,1.44,2.39,12.38, 
2015-648-FA,SS29,yes,8/28/2015,N.A.,48.148921,-123.566998,surface, 15-648FA-DEN_45,49.38,7.88,0.59,0.76,1.03,1.39,1.79,2.16,2.5,2.89,3.16,3.25,3.11,2.73,2.2,1.66,1.22,0.95,0.77,0.67,0.58,0.51,0.46,0.46,0.47,0.49,0.47,0.45,0.43,0.44,0.46,0.47,0.46,0.45,0.41,0.38,0.33,0.3,0.26,0.23,0.2,0.18,0.17,0.16,0.15,0.13,0.12,0.1,0.08,0.06,0.03,0.01,0,0,57.27,33.92,6.92,1.9,8.82,-3.8,-3.6,-3.35,-2.99,-0.62,1.37,2.15,3.46,6.08,-0.62,-0.6,2.87,0.18,0.93,-0.62,-0.6,2.75,0.01,0.64,0.79,-0.1,7.42,1.53,5, 
2015-648-FA,SS30,yes,8/28/2015,N.A.,48.149046,-123.567202,surface, 15-648FA-DEN_46,0,0.67,0.02,0.53,1.89,3.7,5.56,7.18,8.61,9.85,10.4,10.21,9.2,7.72,5.93,4.14,2.62,1.6,1,0.68,0.51,0.42,0.36,0.34,0.35,0.35,0.33,0.31,0.32,0.34,0.38,0.4,0.41,0.41,0.39,0.37,0.33,0.3,0.27,0.23,0.2,0.19,0.17,0.16,0.15,0.13,0.12,0.09,0.07,0.05,0.03,0.01,0,0,0.67,91.77,5.7,1.87,7.56,-0.1,0.16,0.39,0.67,1.29,1.98,2.4,3.04,5.91,1.29,1.36,1.41,0.32,1.87,1.29,1.39,1.01,0.1,1.6,1.98,1.65,3.12,2.41,9.97, 
2015-648-FA,SS31,yes,8/28/2015,N.A.,48.149286,-123.567563,surface, 15-648FA-DEN_47,26.07,8.46,0.42,0.89,1.67,2.56,3.33,3.82,4.34,5.2,6.16,6.9,7.16,6.59,5.31,3.67,2.21,1.27,0.72,0.41,0.24,0.14,0.1,0.08,0.08,0.08,0.08,0.08,0.09,0.1,0.12,0.13,0.14,0.15,0.14,0.14,0.13,0.11,0.1,0.09,0.08,0.07,0.07,0.06,0.06,0.05,0.04,0.03,0.02,0.02,0.01,0,0,0,34.53,63.03,1.74,0.69,2.43,-3.62,-3.23,-2.77,-2.08,0.66,1.68,2.02,2.32,2.79,0.66,-0.03,2.17,-0.38,0.7,0.66,-0.38,2.4,-0.43,-0.45,0.34,0.34,4.02,0.81,5.15, 
2015-648-FA,SS32,yes,8/28/2015,N.A.,48.149467,-123.567796,surface, 15-648FA-DEN_48,0,2.26,4.49,6.15,9.02,12.23,14.08,13.59,11.65,9.18,6.79,4.47,2.55,1.29,0.63,0.29,0.13,0.07,0.04,0.03,0.01,0.02,0.02,0.03,0.03,0.03,0.04,0.04,0.04,0.04,0.05,0.05,0.06,0.06,0.06,0.06,0.06,0.05,0.04,0.04,0.03,0.03,0.03,0.03,0.03,0.03,0.02,0.01,0.01,0.01,0,0,0,0,2.26,96.7,0.73,0.32,1.05,-0.82,-0.61,-0.4,-0.18,0.28,0.79,1.05,1.28,1.61,0.28,0.31,0.73,0.07,1.03,0.28,0.32,0.73,0.05,0.15,0.67,0.38,1.02,3.8,30.5, 
2015-648-FA,SS33,yes,8/28/2015,N.A.,48.149557,-123.567901,surface, 15-648FA-DEN_49,0,4.19,5.59,6.65,8.61,10.81,12.14,12.14,10.9,9.02,6.82,4.73,3.06,1.86,1.02,0.49,0.23,0.11,0.06,0.05,0.03,0.02,0.02,0.02,0.04,0.04,0.04,0.04,0.05,0.06,0.07,0.08,0.09,0.09,0.09,0.09,0.08,0.07,0.07,0.06,0.05,0.05,0.05,0.05,0.05,0.04,0.03,0.02,0.01,0.01,0.01,0,0,0,4.19,94.34,0.99,0.48,1.47,-0.96,-0.74,-0.51,-0.25,0.29,0.86,1.14,1.41,1.8,0.29,0.31,0.83,0.06,1.02,0.29,0.32,0.83,0.03,0.15,0.66,0.41,1.37,3.52,24.66, 
2015-648-FA,SS34,yes,8/28/2015,N.A.,48.14981,-123.568269,surface, 15-648FA-DEN_50,2.94,6.06,4.71,6.41,8.86,10.92,11.73,11.1,9.57,7.87,6.24,4.75,3.33,2.06,1.11,0.51,0.21,0.09,0.06,0.04,0.03,0.01,0.01,0.03,0.05,0.05,0.04,0.05,0.05,0.06,0.06,0.07,0.08,0.09,0.09,0.08,0.08,0.07,0.06,0.05,0.05,0.04,0.05,0.05,0.05,0.04,0.03,0.02,0.01,0.01,0,0,0,0,9,89.6,0.95,0.45,1.4,-0.64,-0.95,-0.65,-0.35,0.22,0.84,1.15,1.44,1.81,0.22,0.24,0.82,0.17,0.84,0.22,0.25,0.9,0.04,0.41,0.36,0.3,1.53,2.76,19.86, 
2015-652-FA,SG1,yes,7/28/2015,22:30,48.14543,-123.5671,surface, 15-652FA_01,0,0,0,0,0,0.01,0.03,0.02,0.06,0.22,0.24,0.17,0.33,0.89,1.9,3.23,4.67,5.65,6.02,5.8,4.86,3.47,2.37,2.13,2.46,2.75,2.83,2.92,3.2,3.59,4,4.16,4.12,3.88,3.52,3.15,2.67,2.28,1.92,1.57,1.33,1.16,1.04,0.96,0.92,0.84,0.81,0.68,0.55,0.37,0.21,0.05,0,0,0,37.58,50.02,12.4,62.42,2.36,2.67,2.94,3.32,5.24,6.94,7.63,8.33,9.35,5.24,5.27,2.23,0.1,0.79,5.24,5.28,2.34,0.02,0.26,0.49,5.32,4.98,0.37,2.28, 
2015-652-FA,SG1 duplicate,yes,7/28/2015,22:30,48.14543,-123.5671,surface, 15-652FA_16,0,0,0,0,0,0,0,0,0.07,0.36,0.41,0.3,0.55,1.45,2.95,4.83,6.9,8.36,8.76,7.94,6.34,4.66,3.36,2.72,2.52,2.43,2.31,2.21,2.21,2.31,2.47,2.54,2.51,2.39,2.2,1.99,1.72,1.5,1.3,1.09,0.94,0.83,0.75,0.69,0.66,0.6,0.58,0.48,0.38,0.25,0.14,0.03,0,0,0,53.9,37.39,8.71,46.1,2.18,2.46,2.69,2.97,3.79,6.11,7.02,7.78,8.87,3.79,4.5,2.09,0.51,0.87,3.79,4.85,2.16,0.49,0.8,0.55,4.59,4.61,0.89,2.96, 
2015-652-FA,SG2,yes,7/28/2015,23:30,48.14602,-123.56605,surface, 15-652FA_02,0,0,0,0,0,0.02,0.06,0.04,0.21,0.8,1.13,1.29,2.26,4.44,7.57,10.84,13.31,13.59,11.89,8.98,6.09,3.77,2.22,1.37,0.96,0.73,0.58,0.48,0.42,0.42,0.45,0.49,0.52,0.52,0.51,0.48,0.44,0.4,0.35,0.31,0.28,0.26,0.25,0.24,0.24,0.21,0.19,0.15,0.11,0.07,0.04,0.01,0,0,0,86.29,11,2.71,13.71,1.68,1.99,2.2,2.43,2.9,3.46,3.85,4.53,6.78,2.9,2.98,1.18,0.33,2.02,2.9,3.02,0.82,0.15,1.62,2.11,3.21,2.29,2.33,9.73, 
2015-652-FA,SG3,yes,7/29/2015,16:50,48.14952,-123.56532,surface, 15-652FA_03,1.77,1.81,0.64,1.57,3.11,5.12,7.25,9.01,10.27,10.92,10.36,8.92,7.14,5.47,4.07,2.93,2.03,1.36,0.92,0.62,0.41,0.25,0.17,0.13,0.13,0.13,0.13,0.13,0.14,0.16,0.19,0.21,0.23,0.24,0.23,0.23,0.2,0.19,0.17,0.14,0.13,0.12,0.12,0.11,0.11,0.09,0.07,0.05,0.04,0.03,0.02,0,0,0,3.58,92.37,2.85,1.19,4.04,-0.59,-0.19,0.08,0.36,0.97,1.65,2.04,2.47,3.38,0.97,1.03,1.09,0.15,1.26,0.97,1.06,0.98,0.09,0.43,1.03,1.18,2.55,2.34,12.25, 
2015-652-FA,SG4,yes,7/29/2015,17:40,48.14993,-123.56398,surface, 15-652FA_04,0.55,0.93,0,0.01,0.18,0.52,0.95,1.2,1.63,2.6,3.43,4.05,4.98,6.06,6.81,7.14,7.15,6.93,6.29,5.15,3.77,2.49,1.63,1.26,1.18,1.15,1.08,1.03,1.04,1.13,1.29,1.41,1.49,1.5,1.45,1.38,1.25,1.13,1,0.86,0.75,0.66,0.59,0.54,0.5,0.45,0.43,0.36,0.29,0.2,0.11,0.03,0,0,1.48,71.36,20.4,6.76,27.15,0.61,1.11,1.5,1.92,2.82,4.35,6.32,7.34,8.47,2.82,3.54,2.4,0.45,1.32,2.82,3.91,2.41,0.45,0.72,0.63,3.46,5.85,0.97,3.56, 
2015-652-FA,SG5,yes,7/29/2015,19:25,48.15128,-123.56312,surface, 15-652FA_05,1.34,2.63,0.09,0.47,1.14,1.88,2.47,2.79,3.27,4.21,5.24,6.48,8.22,10.01,11,10.46,8.48,5.86,3.59,2.05,1.16,0.65,0.36,0.24,0.22,0.22,0.21,0.21,0.22,0.26,0.31,0.35,0.38,0.38,0.37,0.35,0.32,0.29,0.26,0.22,0.2,0.19,0.17,0.16,0.15,0.13,0.11,0.08,0.06,0.04,0.03,0.01,0,0,3.97,89.5,4.71,1.83,6.53,-0.36,0.25,0.75,1.23,2,2.6,2.91,3.29,5.58,2,1.88,1.44,0.03,1.78,2,1.83,1.08,-0.15,0.57,1.74,2.05,3.08,1.53,8.36, 
2015-652-FA,SG6,yes,7/29/2015,20:00,48.15087,-123.56365,surface, 15-652FA_06,0,0,0,0,0,0.04,0.22,0.31,0.55,1.13,1.57,1.82,2.33,3.08,3.79,4.36,4.79,4.97,5.17,5.37,5.17,4.58,4.07,3.98,4.02,3.85,3.43,2.96,2.61,2.4,2.31,2.22,2.13,2,1.84,1.68,1.48,1.31,1.15,0.98,0.87,0.79,0.73,0.7,0.68,0.62,0.6,0.5,0.39,0.26,0.15,0.03,0,0,0,49.25,42.28,8.47,50.75,1.42,1.92,2.32,2.8,4.05,5.84,6.85,7.71,8.9,4.05,4.4,2.26,0.27,1.01,4.05,4.58,2.26,0.24,0.49,0.65,4.47,5.04,0.69,2.96, 
2015-652-FA,SG7,yes,7/29/2015,21:15,48.1495,-123.56252,surface, 15-652FA_07,0.89,1.05,0.08,0.6,2.26,4.75,7.56,10.05,11.86,12.44,11.58,9.66,7.52,5.56,3.91,2.63,1.68,1.04,0.66,0.43,0.29,0.19,0.14,0.12,0.1,0.11,0.12,0.13,0.13,0.14,0.16,0.19,0.2,0.21,0.2,0.19,0.17,0.15,0.12,0.1,0.09,0.09,0.08,0.08,0.08,0.07,0.05,0.03,0.03,0.02,0.01,0,0,0,1.93,94.75,2.45,0.87,3.32,-0.24,0.02,0.22,0.45,0.97,1.57,1.92,2.27,2.97,0.97,1.04,0.91,0.18,1.17,0.97,1.07,0.85,0.11,0.46,0.89,1.17,1.97,2.76,15.43, 
2015-652-FA,SG8,yes,7/30/2015,18:00,48.14755,-123.56135,surface, 15-652FA_08,0,0,0,0,0,0,0,0,0,0,0,0,0,0.04,0.23,0.54,1.04,1.75,2.51,3.22,3.81,4.28,4.74,5.33,5.77,5.86,5.6,5.21,4.93,4.73,4.6,4.36,4.06,3.7,3.29,2.91,2.48,2.14,1.84,1.55,1.36,1.21,1.11,1.04,0.99,0.91,0.88,0.73,0.59,0.41,0.23,0.05,0,0,0,17.41,69.69,12.9,82.59,3.15,3.55,3.92,4.39,5.5,6.91,7.65,8.42,9.45,5.5,5.69,1.89,0.2,1.02,5.5,5.79,1.86,0.15,0.43,0.69,5.77,3.48,0.6,2.89, 
2015-652-FA,SG9,yes,7/30/2015,18:25,48.14778,-123.56107,surface, 15-652FA_09,0,0,0,0,0,0,0,0,0,0,0,0,0,0,0,0.03,0.15,0.31,0.37,0.39,0.52,0.87,1.53,2.71,4.23,5.66,6.61,7.04,7.17,7.1,6.92,6.45,5.84,5.15,4.44,3.82,3.2,2.73,2.34,1.98,1.75,1.58,1.46,1.37,1.31,1.19,1.15,0.96,0.77,0.54,0.3,0.07,0,0,0,2.63,80.62,16.75,97.37,4.35,4.7,4.97,5.31,6.19,7.35,8.08,8.86,9.75,6.19,6.41,1.6,0.26,1.09,6.19,6.52,1.55,0.21,0.55,0.74,6.46,2.6,0.68,3.16, 
2015-652-FA,SG10,yes,7/30/2015,18:45,48.14818,-123.56143,surface, 15-652FA_10,0,0,0,0,0,0,0,0,0,0,0,0,0,0,0,0.02,0.08,0.28,0.43,0.44,0.41,0.5,0.82,1.59,2.8,4.11,5.22,6.09,6.85,7.37,7.67,7.45,6.92,6.18,5.35,4.58,3.77,3.14,2.63,2.16,1.87,1.66,1.52,1.42,1.37,1.25,1.21,1.01,0.82,0.57,0.33,0.08,0,0,0,2.16,79.93,17.91,97.84,4.55,4.92,5.22,5.59,6.43,7.49,8.18,8.94,9.8,6.43,6.61,1.54,0.23,1.13,6.43,6.7,1.48,0.18,0.5,0.77,6.66,2.43,0.59,3.22, 
2015-652-FA,SG11,yes,7/30/2015,19:10,48.14808,-123.56173,surface, 15-652FA_11,0,0,0,0,0,0,0,0,0,0,0,0,0,0.02,0.07,0.15,0.3,0.58,0.92,1.22,1.49,1.83,2.39,3.31,4.39,5.31,5.87,6.14,6.3,6.36,6.35,6.07,5.64,5.08,4.46,3.88,3.25,2.76,2.34,1.94,1.68,1.49,1.35,1.26,1.21,1.1,1.06,0.89,0.72,0.5,0.28,0.07,0,0,0,6.57,77.54,15.89,93.43,3.79,4.34,4.72,5.14,6.14,7.3,7.99,8.74,9.67,6.13,6.28,1.71,0.17,1.11,6.13,6.35,1.64,0.13,0.36,0.8,6.32,2.9,0.5,3.03, 
2015-652-FA,SG12,yes,7/31/2015,14:45,48.1452,-123.56708,surface, 15-652FA_12,0,0,0,0,0,0,0,0,0,0,0,0,0,0,0,0,0.05,0.12,0.13,0.12,0.14,0.19,0.38,1.01,2.07,3.18,4.09,4.89,5.77,6.66,7.46,7.75,7.62,7.15,6.44,5.69,4.79,4.04,3.36,2.7,2.25,1.91,1.67,1.52,1.43,1.3,1.25,1.05,0.85,0.6,0.34,0.08,0,0,0,0.75,78.95,20.3,99.25,4.82,5.17,5.48,5.86,6.7,7.71,8.34,9.02,9.84,6.7,6.84,1.47,0.2,1.11,6.7,6.91,1.43,0.15,0.44,0.76,6.89,2.18,0.57,3.15, 
2015-652-FA,SG13,yes,7/31/2015,15:30,48.14598,-123.56768,surface, 15-652FA_13,0,0,0,0,0,0,0,0,0,0.01,0.01,0.01,0.01,0.02,0.04,0.05,0.06,0.06,0.07,0.06,0.05,0.03,0.03,0.23,0.96,1.87,2.64,3.47,4.7,6.14,7.51,8.23,8.4,8.07,7.41,6.65,5.68,4.83,4.04,3.24,2.67,2.22,1.89,1.66,1.51,1.33,1.26,1.04,0.85,0.59,0.33,0.08,0,0,0,0.49,76.8,22.71,99.51,5.15,5.52,5.82,6.16,6.92,7.88,8.46,9.07,9.84,6.92,7.07,1.37,0.21,1.12,6.92,7.14,1.32,0.17,0.44,0.78,7.1,1.93,0.49,3.42, 
2015-652-FA,SG14,yes,7/31/2015,17:30,48.14732,-123.56338,surface, 15-652FA_14,0,0,0,0,0,0,0,0,0,0,0,0,0,0.05,0.28,0.83,1.64,2.48,3.44,4.45,5.15,5.39,5.41,5.55,5.59,5.31,4.76,4.22,3.91,3.74,3.67,3.53,3.36,3.15,2.9,2.66,2.36,2.12,1.9,1.65,1.48,1.34,1.23,1.15,1.11,1,0.96,0.81,0.65,0.46,0.26,0.06,0,0,0,23.71,62.24,14.06,76.29,2.98,3.33,3.64,4.06,5.23,6.93,7.77,8.59,9.57,5.23,5.55,2.03,0.27,0.94,5.23,5.71,2.06,0.23,0.5,0.6,5.63,4,0.64,2.69, 
2015-652-FA,SG15,yes,7/31/2015,18:45,48.14725,-123.564,surface, 15-652FA_15,0,0,0,0,0,0.03,0.17,0.31,0.81,1.97,3.26,4.86,7.39,10.44,12.68,12.95,11.27,8.48,5.92,3.98,2.63,1.68,1.06,0.75,0.62,0.56,0.5,0.45,0.44,0.46,0.51,0.54,0.55,0.54,0.51,0.48,0.42,0.38,0.33,0.28,0.25,0.23,0.22,0.2,0.2,0.17,0.16,0.13,0.1,0.07,0.04,0.01,0,0,0,88.83,8.77,2.4,11.17,1.15,1.44,1.67,1.91,2.41,3.02,3.47,4.28,6.63,2.41,2.51,1.28,0.36,2.03,2.41,2.57,0.9,0.17,1.65,2.05,2.77,2.58,2.32,9.34, 
